標籤(Label),編號(ID),名稱(Name),學制(Education System),學科(Subject),是否為根結點(IsRoot),主題(Topic),次主題(Unit),概念(Concept),,,,,,,,,,,,,,,,,
知識點(KnowledgePoint),,認識1~5的數,國小(Elementary school),數學(Math),,數,x,數到10,,,,,,,,,,,,,,,,,
知識點(KnowledgePoint),,認識6~10的數,國小(Elementary school),數學(Math),,數,x,數到10,,,,,,,,,,,,,,,,,
知識點(KnowledgePoint),,1~10的做數,國小(Elementary school),數學(Math),,數,x,數到10,,,,,,,,,,,,,,,,,
知識點(KnowledgePoint),,認識0,國小(Elementary school),數學(Math),,數,x,數到10,,,,,,,,,,,,,,,,,
知識點(KnowledgePoint),,認識長度,國小(Elementary school),數學(Math),,量,x,比長短,,,,,,,,,,,,,,,,,
知識點(KnowledgePoint),,長度的直接比較,國小(Elementary school),數學(Math),,量,x,比長短,,,,,,,,,,,,,,,,,
知識點(KnowledgePoint),,直線和曲線,國小(Elementary school),數學(Math),,形,x,認識直線和曲線,,,,,,,,,,,,,,,,,
知識點(KnowledgePoint),,曲線的長度比較,國小(Elementary school),數學(Math),,形,x,認識直線和曲線,,,,,,,,,,,,,,,,,
知識點(KnowledgePoint),,厚薄的直接比較,國小(Elementary school),數學(Math),,量,x,比長短,,,,,,,,,,,,,,,,,
知識點(KnowledgePoint),,高矮的直接比較,國小(Elementary school),數學(Math),,量,x,比長短,,,,,,,,,,,,,,,,,
知識點(KnowledgePoint),,認識遠近,國小(Elementary school),數學(Math),,量,x,比長短,,,,,,,,,,,,,,,,,
知識點(KnowledgePoint),,長度、厚薄、高矮的混合和進階比較(基準點不同),國小(Elementary school),數學(Math),,量,x,比長短,,,,,,,,,,,,,,,,,
知識點(KnowledgePoint),,4~10的分解,國小(Elementary school),數學(Math),,計算,x,10以內分與合,,,,,,,,,,,,,,,,,
知識點(KnowledgePoint),,4~10的合成,國小(Elementary school),數學(Math),,計算,x,10以內分與合,,,,,,,,,,,,,,,,,
知識點(KnowledgePoint),,10的分與合,國小(Elementary school),數學(Math),,計算,x,10以內分與合,,,,,,,,,,,,,,,,,
知識點(KnowledgePoint),,10以內的序數,國小(Elementary school),數學(Math),,數,x,數到10,,,,,,,,,,,,,,,,,
知識點(KnowledgePoint),,認識前後,國小(Elementary school),數學(Math),,關係和代數,x,認識方位,,,,,,,,,,,,,,,,,
知識點(KnowledgePoint),,認識左右,國小(Elementary school),數學(Math),,關係和代數,x,認識方位,,,,,,,,,,,,,,,,,
知識點(KnowledgePoint),,數之數詞序列的前後關係,國小(Elementary school),數學(Math),,數,x,數到10,,,,,,,,,,,,,,,,,
知識點(KnowledgePoint),,基數與序數的差異,國小(Elementary school),數學(Math),,數,x,數到10,,,,,,,,,,,,,,,,,
知識點(KnowledgePoint),,10以內比多少、大小,國小(Elementary school),數學(Math),,數,x,數到10,,,,,,,,,,,,,,,,,
知識點(KnowledgePoint),,認識11~20的數,國小(Elementary school),數學(Math),,數,x,數到30,,,,,,,,,,,,,,,,,
知識點(KnowledgePoint),,分類立體形體(形體樣子),國小(Elementary school),數學(Math),,形,x,立體,,,,,,,,,,,,,,,,,
知識點(KnowledgePoint),,認識21~30的數,國小(Elementary school),數學(Math),,數,x,數到30,,,,,,,,,,,,,,,,,
知識點(KnowledgePoint),,1~30的做數,國小(Elementary school),數學(Math),,數,x,數到30,,,,,,,,,,,,,,,,,
知識點(KnowledgePoint),,30以內的序數,國小(Elementary school),數學(Math),,數,x,數到30,,,,,,,,,,,,,,,,,
知識點(KnowledgePoint),,30以內的大小比較,國小(Elementary school),數學(Math),,數,x,數到30,,,,,,,,,,,,,,,,,
知識點(KnowledgePoint),,10以內的加法,國小(Elementary school),數學(Math),,計算,x,10以內的加法,,,,,,,,,,,,,,,,,
知識點(KnowledgePoint),,被加數或加數是0的加法,國小(Elementary school),數學(Math),,計算,x,10以內的加法,,,,,,,,,,,,,,,,,
知識點(KnowledgePoint),,認識加法算式,國小(Elementary school),數學(Math),,計算,x,10以內的加法,,,,,,,,,,,,,,,,,
知識點(KnowledgePoint),,加法交換律,國小(Elementary school),數學(Math),,關係和代數,x,關係,,,,,,,,,,,,,,,,,
知識點(KnowledgePoint),,熟練10以內的加法心算(心算卡),國小(Elementary school),數學(Math),,計算,x,10以內的加法,,,,,,,,,,,,,,,,,
知識點(KnowledgePoint),,操作立體形體(透過堆高和滾動分辨平平的面和彎彎的面),國小(Elementary school),數學(Math),,形,x,立體,,,,,,,,,,,,,,,,,
知識點(KnowledgePoint),,直觀分類平面圖形,國小(Elementary school),數學(Math),,形,x,平面圖形,,,,,,,,,,,,,,,,,
知識點(KnowledgePoint),,點數平面圖形的數量,國小(Elementary school),數學(Math),,形,x,平面圖形,,,,,,,,,,,,,,,,,
知識點(KnowledgePoint),,分辨日常生活中的平面圖形,國小(Elementary school),數學(Math),,形,x,平面圖形,,,,,,,,,,,,,,,,,
知識點(KnowledgePoint),,10以內的減法,國小(Elementary school),數學(Math),,計算,x,10以內的減法,,,,,,,,,,,,,,,,,
知識點(KnowledgePoint),,減數或差是0的減法,國小(Elementary school),數學(Math),,計算,x,10以內的減法,,,,,,,,,,,,,,,,,
知識點(KnowledgePoint),,認識減法算式,國小(Elementary school),數學(Math),,計算,x,10以內的減法,,,,,,,,,,,,,,,,,
知識點(KnowledgePoint),,熟練10以內的減法心算(心算卡),國小(Elementary school),數學(Math),,計算,x,10以內的減法,,,,,,,,,,,,,,,,,
知識點(KnowledgePoint),,判斷加減法時機（10以內）,國小(Elementary school),數學(Math),,計算,x,10以內的減法,,,,,,,,,,,,,,,,,
知識點(KnowledgePoint),,事情的先後,國小(Elementary school),數學(Math),,量,x,幾點鐘和幾點半,,,,,,,,,,,,,,,,,
知識點(KnowledgePoint),,時間長短的比較,國小(Elementary school),數學(Math),,量,x,幾點鐘和幾點半,,,,,,,,,,,,,,,,,
知識點(KnowledgePoint),,認識整點鐘,國小(Elementary school),數學(Math),,量,x,幾點鐘和幾點半,,,,,,,,,,,,,,,,,
知識點(KnowledgePoint),,認識鐘面（含長針、短針）,國小(Elementary school),數學(Math),,量,x,幾點鐘和幾點半,,,,,,,,,,,,,,,,,
知識點(KnowledgePoint),,認識數字鐘（整點和半點）,國小(Elementary school),數學(Math),,量,x,幾點鐘和幾點半,,,,,,,,,,,,,,,,,
知識點(KnowledgePoint),,認識幾點半,國小(Elementary school),數學(Math),,量,x,幾點鐘和幾點半,,,,,,,,,,,,,,,,,
知識點(KnowledgePoint),,認識上午、中午、下午的用語,國小(Elementary school),數學(Math),,量,x,幾點鐘和幾點半,,,,,,,,,,,,,,,,,
知識點(KnowledgePoint),,透過一天的時間認識整點鐘和半點鐘,國小(Elementary school),數學(Math),,量,x,幾點鐘和幾點半,,,,,,,,,,,,,,,,,
知識點(KnowledgePoint),,幾小時之前，幾小時之後（整點或半點）,國小(Elementary school),數學(Math),,量,x,幾點鐘和幾點半,,,,,,,,,,,,,,,,,
知識點(KnowledgePoint),,認識50以內的數,國小(Elementary school),數學(Math),,數,x,數到50,,,,,,,,,,,,,,,,,
知識點(KnowledgePoint),,認識100以內的數,國小(Elementary school),數學(Math),,數,x,數到100,,,,,,,,,,,,,,,,,
知識點(KnowledgePoint),,10個一數,國小(Elementary school),數學(Math),,數,x,幾個一數,,,,,,,,,,,,,,,,,
知識點(KnowledgePoint),,5個一數,國小(Elementary school),數學(Math),,數,x,幾個一數,,,,,,,,,,,,,,,,,
知識點(KnowledgePoint),,2個一數,國小(Elementary school),數學(Math),,數,x,幾個一數,,,,,,,,,,,,,,,,,
知識點(KnowledgePoint),,認識個位和十位及位值單位換算,國小(Elementary school),數學(Math),,數,x,數到100,,,,,,,,,,,,,,,,,
知識點(KnowledgePoint),,十和一的關係與換算,國小(Elementary school),數學(Math),,數,x,數到50,,,,,,,,,,,,,,,,,
知識點(KnowledgePoint),,50以內的序數,國小(Elementary school),數學(Math),,數,x,數到50,,,,,,,,,,,,,,,,,
知識點(KnowledgePoint),,100以內的序數,國小(Elementary school),數學(Math),,數,x,數到100,,,,,,,,,,,,,,,,,
知識點(KnowledgePoint),,50以內的大小比較,國小(Elementary school),數學(Math),,數,x,數到50,,,,,,,,,,,,,,,,,
知識點(KnowledgePoint),,100以內的數及大小比較,國小(Elementary school),數學(Math),,數,x,數到100,,,,,,,,,,,,,,,,,
知識點(KnowledgePoint),,百數表,國小(Elementary school),數學(Math),,數,x,數到100,,,,,,,,,,,,,,,,,
知識點(KnowledgePoint),,一位數加一位數（進位）,國小(Elementary school),數學(Math),,計算,x,18以內的加法,,,,,,,,,,,,,,,,,
知識點(KnowledgePoint),,10＋一位數,國小(Elementary school),數學(Math),,計算,x,18以內的加法,,,,,,,,,,,,,,,,,
知識點(KnowledgePoint),,路徑長短與個別單位數量的關係,國小(Elementary school),數學(Math),,量,x,比長短,,,,,,,,,,,,,,,,,
知識點(KnowledgePoint),,熟練18以內的加法心算（心算卡）,國小(Elementary school),數學(Math),,計算,x,18以內的加法,,,,,,,,,,,,,,,,,
知識點(KnowledgePoint),,透過同數相加計算，解決相鄰算式的問題（已知5+5=10，求5+6）,國小(Elementary school),數學(Math),,計算,x,18以內的加法,,,,,,,,,,,,,,,,,
知識點(KnowledgePoint),,和不變（8＋3＝11，9＋2＝11）,國小(Elementary school),數學(Math),,計算,x,18以內的加法,,,,,,,,,,,,,,,,,
知識點(KnowledgePoint),,長度的間接比較,國小(Elementary school),數學(Math),,量,x,比長短,,,,,,,,,,,,,,,,,
知識點(KnowledgePoint),,認識粗細,國小(Elementary school),數學(Math),,量,x,比長短,,,,,,,,,,,,,,,,,
知識點(KnowledgePoint),,長度的個別單位複製,國小(Elementary school),數學(Math),,量,x,比長短,,,,,,,,,,,,,,,,,
知識點(KnowledgePoint),,使用指定數量的圖卡排出造型,國小(Elementary school),數學(Math),,形,x,平面圖形,,,,,,,,,,,,,,,,,
知識點(KnowledgePoint),,長度的個別單位比較,國小(Elementary school),數學(Math),,量,x,比長短,,,,,,,,,,,,,,,,,
知識點(KnowledgePoint),,長度的個別單位合成與分解,國小(Elementary school),數學(Math),,量,x,比長短,,,,,,,,,,,,,,,,,
知識點(KnowledgePoint),,被減數為18以內減一位數差為一位數（退位）,國小(Elementary school),數學(Math),,計算,x,18以內的減法,,,,,,,,,,,,,,,,,
知識點(KnowledgePoint),,10幾減一位數，差為10,國小(Elementary school),數學(Math),,計算,x,18以內的減法,,,,,,,,,,,,,,,,,
知識點(KnowledgePoint),,判斷加減法時機（18以內）,國小(Elementary school),數學(Math),,計算,x,18以內的減法,,,,,,,,,,,,,,,,,
知識點(KnowledgePoint),,透過被減數固定，解決相鄰算式的問題,國小(Elementary school),數學(Math),,計算,x,18以內的減法,,,,,,,,,,,,,,,,,
知識點(KnowledgePoint),,透過減數固定，解決相鄰算式的問題,國小(Elementary school),數學(Math),,計算,x,18以內的減法,,,,,,,,,,,,,,,,,
知識點(KnowledgePoint),,熟練18以內的減法心算（心算卡）,國小(Elementary school),數學(Math),,計算,x,18以內的減法,,,,,,,,,,,,,,,,,
知識點(KnowledgePoint),,描繪、仿製平面圖形,國小(Elementary school),數學(Math),,形,x,平面圖形,,,,,,,,,,,,,,,,,
知識點(KnowledgePoint),,描繪、仿製立體的平面,國小(Elementary school),數學(Math),,形,x,平面圖形,,,,,,,,,,,,,,,,,
知識點(KnowledgePoint),,拼圖,國小(Elementary school),數學(Math),,形,x,平面圖形,,,,,,,,,,,,,,,,,
知識點(KnowledgePoint),,透過操作或觀察找出一樣大小形狀的圖形,國小(Elementary school),數學(Math),,形,x,平面圖形,,,,,,,,,,,,,,,,,
知識點(KnowledgePoint),,複製長度,國小(Elementary school),數學(Math),,量,x,比長短,,,,,,,,,,,,,,,,,
知識點(KnowledgePoint),,做平面圖形的平移、翻轉、重疊、比對…全等的活動,國小(Elementary school),數學(Math),,形,x,平面圖形,,,,,,,,,,,,,,,,,
知識點(KnowledgePoint),,將平面圖形拼湊出圖案,國小(Elementary school),數學(Math),,形,x,平面圖形,,,,,,,,,,,,,,,,,
知識點(KnowledgePoint),,用七巧板排圖形,國小(Elementary school),數學(Math),,形,x,平面圖形,,,,,,,,,,,,,,,,,
知識點(KnowledgePoint),,堆疊形體,國小(Elementary school),數學(Math),,形,x,立體,,,,,,,,,,,,,,,,,
知識點(KnowledgePoint),,點數簡單形體,國小(Elementary school),數學(Math),,形,x,立體,,,,,,,,,,,,,,,,,
知識點(KnowledgePoint),,報讀日曆,國小(Elementary school),數學(Math),,量,x,幾月幾日,,,,,,,,,,,,,,,,,
知識點(KnowledgePoint),,認識昨天、今天、明天的用語,國小(Elementary school),數學(Math),,量,x,幾月幾日,,,,,,,,,,,,,,,,,
知識點(KnowledgePoint),,報讀月曆,國小(Elementary school),數學(Math),,量,x,幾月幾日,,,,,,,,,,,,,,,,,
知識點(KnowledgePoint),,完成月曆及應用,國小(Elementary school),數學(Math),,量,x,幾月幾日,,,,,,,,,,,,,,,,,
知識點(KnowledgePoint),,補足金額（100元以內）,國小(Elementary school),數學(Math),,數,x,認識錢幣,,,,,,,,,,,,,,,,,
知識點(KnowledgePoint),,報讀年曆,國小(Elementary school),數學(Math),,量,x,幾月幾日,,,,,,,,,,,,,,,,,
知識點(KnowledgePoint),,日期的先後順序,國小(Elementary school),數學(Math),,量,x,幾月幾日,,,,,,,,,,,,,,,,,
知識點(KnowledgePoint),,認識100元錢幣及應用,國小(Elementary school),數學(Math),,數,x,認識錢幣,,,,,,,,,,,,,,,,,
知識點(KnowledgePoint),,認識10元錢幣及應用,國小(Elementary school),數學(Math),,數,x,認識錢幣,,,,,,,,,,,,,,,,,
知識點(KnowledgePoint),,認識1元錢幣及應用,國小(Elementary school),數學(Math),,數,x,認識錢幣,,,,,,,,,,,,,,,,,
知識點(KnowledgePoint),,認識50元錢幣及應用,國小(Elementary school),數學(Math),,數,x,認識錢幣,,,,,,,,,,,,,,,,,
知識點(KnowledgePoint),,認識5元錢幣及應用,國小(Elementary school),數學(Math),,數,x,認識錢幣,,,,,,,,,,,,,,,,,
知識點(KnowledgePoint),,非單一個錢幣的換算（50元以內）,國小(Elementary school),數學(Math),,數,x,認識錢幣,,,,,,,,,,,,,,,,,
知識點(KnowledgePoint),,非單一個錢幣的換算（100元以內）,國小(Elementary school),數學(Math),,數,x,認識錢幣,,,,,,,,,,,,,,,,,
知識點(KnowledgePoint),,總共多少元（50元以內）,國小(Elementary school),數學(Math),,數,x,認識錢幣,,,,,,,,,,,,,,,,,
知識點(KnowledgePoint),,總共多少元（100元以內）,國小(Elementary school),數學(Math),,數,x,認識錢幣,,,,,,,,,,,,,,,,,
知識點(KnowledgePoint),,二位數加一位數（不進位，和在50以內）,國小(Elementary school),數學(Math),,計算,x,二位數加法,,,,,,,,,,,,,,,,,
知識點(KnowledgePoint),,二位數加一位數（進位，和在50以內）,國小(Elementary school),數學(Math),,計算,x,二位數加法,,,,,,,,,,,,,,,,,
知識點(KnowledgePoint),,一位數加二位數（不進位，和在50以內）,國小(Elementary school),數學(Math),,計算,x,二位數加法,,,,,,,,,,,,,,,,,
知識點(KnowledgePoint),,一位數加二位數（進位，和在50以內）,國小(Elementary school),數學(Math),,計算,x,二位數加法,,,,,,,,,,,,,,,,,
知識點(KnowledgePoint),,二位數加二位數（進位，和在50以內）,國小(Elementary school),數學(Math),,計算,x,二位數加法,,,,,,,,,,,,,,,,,
知識點(KnowledgePoint),,二位數減一位數（不退位，被減數在50以內）,國小(Elementary school),數學(Math),,計算,x,二位數減法,,,,,,,,,,,,,,,,,
知識點(KnowledgePoint),,二位數減一位數（退位，被減數在50以內）,國小(Elementary school),數學(Math),,計算,x,二位數減法,,,,,,,,,,,,,,,,,
知識點(KnowledgePoint),,二位數減二位數（不退位，被減數在50以內）,國小(Elementary school),數學(Math),,計算,x,二位數減法,,,,,,,,,,,,,,,,,
知識點(KnowledgePoint),,二位數減二位數（退位，被減數在50以內）,國小(Elementary school),數學(Math),,計算,x,二位數減法,,,,,,,,,,,,,,,,,
知識點(KnowledgePoint),,二位數加二位數（不進位，和在50以內）,國小(Elementary school),數學(Math),,計算,x,二位數加法,,,,,,,,,,,,,,,,,
知識點(KnowledgePoint),,初步認識加減互逆關係,國小(Elementary school),數學(Math),,關係和代數,x,關係,,,,,,,,,,,,,,,,,
知識點(KnowledgePoint),,判斷加減法時機（一次進位或一次退位）,國小(Elementary school),數學(Math),,計算,x,二位數加法,,,,,,,,,,,,,,,,,
知識點(KnowledgePoint),,資料分類整理,國小(Elementary school),數學(Math),,資料與不確定性,x,做紀錄,,,,,,,,,,,,,,,,,
知識點(KnowledgePoint),,透過畫記做資料的紀錄,國小(Elementary school),數學(Math),,資料與不確定性,x,做紀錄,,,,,,,,,,,,,,,,,
知識點(KnowledgePoint),,完成和報讀統計表,國小(Elementary school),數學(Math),,資料與不確定性,x,做紀錄,,,,,,,,,,,,,,,,,
知識點(KnowledgePoint),,資料分類整理，並記錄到表格,國小(Elementary school),數學(Math),,資料與不確定性,x,做紀錄,,,,,,,,,,,,,,,,,
知識點(KnowledgePoint),,認識300以內的數,國小(Elementary school),數學(Math),,數,x,數到300,,,,,,,,,,,,,,,,,
知識點(KnowledgePoint),,認識百位及位值單位換算,國小(Elementary school),數學(Math),,數,x,數到300,,,,,,,,,,,,,,,,,
知識點(KnowledgePoint),,總共多少元（100元以上）,國小(Elementary school),數學(Math),,數,x,認識錢幣,,,,,,,,,,,,,,,,,
知識點(KnowledgePoint),,300以內的兩數大小比較,國小(Elementary school),數學(Math),,數,x,數到300,,,,,,,,,,,,,,,,,
知識點(KnowledgePoint),,二位數加二位數（一次進位，個位進十位，和在200以內）,國小(Elementary school),數學(Math),,計算,x,二位數加法,,,,,,,,,,,,,,,,,
知識點(KnowledgePoint),,二位數加二位數（二次進位，和在200以內）,國小(Elementary school),數學(Math),,計算,x,二位數加法,,,,,,,,,,,,,,,,,
知識點(KnowledgePoint),,二位數加一位數（不進位，和在100以內）,國小(Elementary school),數學(Math),,計算,x,二位數加法,,,,,,,,,,,,,,,,,
知識點(KnowledgePoint),,二位數加一位數（進位，和在200以內）,國小(Elementary school),數學(Math),,計算,x,二位數加法,,,,,,,,,,,,,,,,,
知識點(KnowledgePoint),,二位數加二位數（一次進位，十位進百位，和在200以內）,國小(Elementary school),數學(Math),,計算,x,二位數加法,,,,,,,,,,,,,,,,,
知識點(KnowledgePoint),,一位數加二位數（不進位，和在100以內）,國小(Elementary school),數學(Math),,計算,x,二位數加法,,,,,,,,,,,,,,,,,
知識點(KnowledgePoint),,一位數加二位數（進位，和在200以內）,國小(Elementary school),數學(Math),,計算,x,二位數加法,,,,,,,,,,,,,,,,,
知識點(KnowledgePoint),,二位數加二位數（不進位，和在100以內）,國小(Elementary school),數學(Math),,計算,x,二位數加法,,,,,,,,,,,,,,,,,
知識點(KnowledgePoint),,認識＞、＜和＝,國小(Elementary school),數學(Math),,關係和代數,x,算式關係,,,,,,,,,,,,,,,,,
知識點(KnowledgePoint),,判斷加減法時機（一、二次進位或一次退位）,國小(Elementary school),數學(Math),,計算,x,二位數加法,,,,,,,,,,,,,,,,,
知識點(KnowledgePoint),,二位數加法估算,國小(Elementary school),數學(Math),,計算,x,加法估算（概算）,,,,,,,,,,,,,,,,,
知識點(KnowledgePoint),,不同個別單位測量同物品長度，個別單位越長，其數量越少,國小(Elementary school),數學(Math),,量,x,比長短,,,,,,,,,,,,,,,,,
知識點(KnowledgePoint),,認識1公分及幾個1公分就是幾公分,國小(Elementary school),數學(Math),,量,x,公分,,,,,,,,,,,,,,,,,
知識點(KnowledgePoint),,測量接近整公分的長度,國小(Elementary school),數學(Math),,量,x,公分,,,,,,,,,,,,,,,,,
知識點(KnowledgePoint),,測量整公分的長度（基本型）,國小(Elementary school),數學(Math),,量,x,公分,,,,,,,,,,,,,,,,,
知識點(KnowledgePoint),,測量整公分的長度（斷尺型）,國小(Elementary school),數學(Math),,量,x,公分,,,,,,,,,,,,,,,,,
知識點(KnowledgePoint),,測量整公分的長度（超過尺的長度）,國小(Elementary school),數學(Math),,量,x,公分,,,,,,,,,,,,,,,,,
知識點(KnowledgePoint),,長度在1公分以上的估測,國小(Elementary school),數學(Math),,量,x,公分,,,,,,,,,,,,,,,,,
知識點(KnowledgePoint),,公分的加法,國小(Elementary school),數學(Math),,量,x,公分,,,,,,,,,,,,,,,,,
知識點(KnowledgePoint),,公分的減法,國小(Elementary school),數學(Math),,量,x,公分,,,,,,,,,,,,,,,,,
知識點(KnowledgePoint),,繪製指定公分的長度（基本型）,國小(Elementary school),數學(Math),,量,x,公分,,,,,,,,,,,,,,,,,
知識點(KnowledgePoint),,繪製指定公分的長度（斷尺型）,國小(Elementary school),數學(Math),,量,x,公分,,,,,,,,,,,,,,,,,
知識點(KnowledgePoint),,二位數減一位數（不退位，被減數在99以內）,國小(Elementary school),數學(Math),,計算,x,二位數減法,,,,,,,,,,,,,,,,,
知識點(KnowledgePoint),,二位數減一位數（退位，被減數在99以內）,國小(Elementary school),數學(Math),,計算,x,二位數減法,,,,,,,,,,,,,,,,,
知識點(KnowledgePoint),,二位數減二位數（不退位，被減數在99以內）,國小(Elementary school),數學(Math),,計算,x,二位數減法,,,,,,,,,,,,,,,,,
知識點(KnowledgePoint),,二位數減二位數（退位，被減數在99以內）,國小(Elementary school),數學(Math),,計算,x,二位數減法,,,,,,,,,,,,,,,,,
知識點(KnowledgePoint),,二位數減法的驗算,國小(Elementary school),數學(Math),,關係和代數,x,算式關係,,,,,,,,,,,,,,,,,
知識點(KnowledgePoint),,理解加減互逆關係及應用,國小(Elementary school),數學(Math),,關係和代數,x,算式關係,,,,,,,,,,,,,,,,,
知識點(KnowledgePoint),,用線段圖輔助學生理解應用問題,國小(Elementary school),數學(Math),,關係和代數,x,算式關係,,,,,,,,,,,,,,,,,
知識點(KnowledgePoint),,被加數未知,國小(Elementary school),數學(Math),,關係和代數,x,加減算式填充題,,,,,,,,,,,,,,,,,
知識點(KnowledgePoint),,加數未知,國小(Elementary school),數學(Math),,關係和代數,x,加減算式填充題,,,,,,,,,,,,,,,,,
知識點(KnowledgePoint),,被減數未知,國小(Elementary school),數學(Math),,關係和代數,x,加減算式填充題,,,,,,,,,,,,,,,,,
知識點(KnowledgePoint),,減數未知,國小(Elementary school),數學(Math),,關係和代數,x,加減算式填充題,,,,,,,,,,,,,,,,,
知識點(KnowledgePoint),,A比B少，就是B比A多,國小(Elementary school),數學(Math),,關係和代數,x,加減算式填充題,,,,,,,,,,,,,,,,,
知識點(KnowledgePoint),,二位數減法估算,國小(Elementary school),數學(Math),,計算,x,減法估算（概算）,,,,,,,,,,,,,,,,,
知識點(KnowledgePoint),,認識容器,國小(Elementary school),數學(Math),,量,x,認識容量,,,,,,,,,,,,,,,,,
知識點(KnowledgePoint),,認識容量,國小(Elementary school),數學(Math),,量,x,認識容量,,,,,,,,,,,,,,,,,
知識點(KnowledgePoint),,容量的直接比較,國小(Elementary school),數學(Math),,量,x,認識容量,,,,,,,,,,,,,,,,,
知識點(KnowledgePoint),,容量的直觀比較,國小(Elementary school),數學(Math),,量,x,認識容量,,,,,,,,,,,,,,,,,
知識點(KnowledgePoint),,容量的間接比較,國小(Elementary school),數學(Math),,量,x,認識容量,,,,,,,,,,,,,,,,,
知識點(KnowledgePoint),,液量的保留性,國小(Elementary school),數學(Math),,量,x,認識容量,,,,,,,,,,,,,,,,,
知識點(KnowledgePoint),,液量的直接比較,國小(Elementary school),數學(Math),,量,x,認識容量,,,,,,,,,,,,,,,,,
知識點(KnowledgePoint),,解決連加兩步驟問題（不併式）,國小(Elementary school),數學(Math),,計算,x,整數兩步驟問題(不併式),,,,,,,,,,,,,,,,,
知識點(KnowledgePoint),,2的乘法及應用,國小(Elementary school),數學(Math),,計算,x,十十乘法,,,,,,,,,,,,,,,,,
知識點(KnowledgePoint),,認識乘法（認識被乘數、乘數和積）,國小(Elementary school),數學(Math),,計算,x,十十乘法,,,,,,,,,,,,,,,,,
知識點(KnowledgePoint),,解決連減兩步驟問題（不併式）,國小(Elementary school),數學(Math),,計算,x,整數兩步驟問題(不併式),,,,,,,,,,,,,,,,,
知識點(KnowledgePoint),,5的乘法及應用,國小(Elementary school),數學(Math),,計算,x,十十乘法,,,,,,,,,,,,,,,,,
知識點(KnowledgePoint),,解決加減混合兩步驟問題（不併式）,國小(Elementary school),數學(Math),,計算,x,整數兩步驟問題(不併式),,,,,,,,,,,,,,,,,
知識點(KnowledgePoint),,4的乘法及應用,國小(Elementary school),數學(Math),,計算,x,十十乘法,,,,,,,,,,,,,,,,,
知識點(KnowledgePoint),,8的乘法及應用,國小(Elementary school),數學(Math),,計算,x,十十乘法,,,,,,,,,,,,,,,,,
知識點(KnowledgePoint),,一位數的連加,國小(Elementary school),數學(Math),,計算,x,一位數加減混合,,,,,,,,,,,,,,,,,
知識點(KnowledgePoint),,2、5、4、8的乘法綜合應用問題,國小(Elementary school),數學(Math),,計算,x,十十乘法,,,,,,,,,,,,,,,,,
知識點(KnowledgePoint),,報讀幾點幾分,國小(Elementary school),數學(Math),,量,x,幾點幾分,,,,,,,,,,,,,,,,,
知識點(KnowledgePoint),,大約幾點鐘,國小(Elementary school),數學(Math),,量,x,幾點幾分,,,,,,,,,,,,,,,,,
知識點(KnowledgePoint),,報讀幾點幾分（5分鐘一數）,國小(Elementary school),數學(Math),,量,x,幾點幾分,,,,,,,,,,,,,,,,,
知識點(KnowledgePoint),,報讀幾點幾分（1分鐘一數）,國小(Elementary school),數學(Math),,量,x,幾點幾分,,,,,,,,,,,,,,,,,
知識點(KnowledgePoint),,點數經過的N小時時間（整點鐘）,國小(Elementary school),數學(Math),,量,x,幾點幾分,,,,,,,,,,,,,,,,,
知識點(KnowledgePoint),,點數經過的N小時時間（幾時幾分）,國小(Elementary school),數學(Math),,量,x,幾點幾分,,,,,,,,,,,,,,,,,
知識點(KnowledgePoint),,點數經過的1小時時間（整點鐘）,國小(Elementary school),數學(Math),,量,x,幾點幾分,,,,,,,,,,,,,,,,,
知識點(KnowledgePoint),,點數經過的1小時時間（幾時幾分）,國小(Elementary school),數學(Math),,量,x,幾點幾分,,,,,,,,,,,,,,,,,
知識點(KnowledgePoint),,點數經過的半小時時間（整點鐘）,國小(Elementary school),數學(Math),,量,x,幾點幾分,,,,,,,,,,,,,,,,,
知識點(KnowledgePoint),,點數經過的半小時時間（幾時幾分）,國小(Elementary school),數學(Math),,量,x,幾點幾分,,,,,,,,,,,,,,,,,
知識點(KnowledgePoint),,認識鐘面上的1大格和1小格,國小(Elementary school),數學(Math),,量,x,幾點幾分,,,,,,,,,,,,,,,,,
知識點(KnowledgePoint),,認識分針、時針,國小(Elementary school),數學(Math),,量,x,幾點幾分,,,,,,,,,,,,,,,,,
知識點(KnowledgePoint),,3的乘法及應用,國小(Elementary school),數學(Math),,計算,x,十十乘法,,,,,,,,,,,,,,,,,
知識點(KnowledgePoint),,認識數字鐘（幾時幾分）,國小(Elementary school),數學(Math),,量,x,幾點幾分,,,,,,,,,,,,,,,,,
知識點(KnowledgePoint),,6的乘法及應用,國小(Elementary school),數學(Math),,計算,x,十十乘法,,,,,,,,,,,,,,,,,
知識點(KnowledgePoint),,7的乘法及應用,國小(Elementary school),數學(Math),,計算,x,十十乘法,,,,,,,,,,,,,,,,,
知識點(KnowledgePoint),,9的乘法及應用,國小(Elementary school),數學(Math),,計算,x,十十乘法,,,,,,,,,,,,,,,,,
知識點(KnowledgePoint),,九九乘法及應用,國小(Elementary school),數學(Math),,計算,x,十十乘法,,,,,,,,,,,,,,,,,
知識點(KnowledgePoint),,認識平面圖形的邊、角和頂點,國小(Elementary school),數學(Math),,形,x,平面圖形,,,,,,,,,,,,,,,,,
知識點(KnowledgePoint),,認識及分辨平面圖形的周界、內部、外部（含封閉圖形的辨認）,國小(Elementary school),數學(Math),,形,x,周界,,,,,,,,,,,,,,,,,
知識點(KnowledgePoint),,計算給定所有邊長的平面圖形周長,國小(Elementary school),數學(Math),,形,x,周長,,,,,,,,,,,,,,,,,
知識點(KnowledgePoint),,認識周長意義,國小(Elementary school),數學(Math),,形,x,周長,,,,,,,,,,,,,,,,,
知識點(KnowledgePoint),,擬題活動,國小(Elementary school),數學(Math),,計算,x,十十乘法,,,,,,,,,,,,,,,,,
知識點(KnowledgePoint),,容量或液量個別單位比較,國小(Elementary school),數學(Math),,量,x,認識容量,,,,,,,,,,,,,,,,,
知識點(KnowledgePoint),,認識天平，及比較重量,國小(Elementary school),數學(Math),,量,x,認識重量,,,,,,,,,,,,,,,,,
知識點(KnowledgePoint),,認識重量及直觀比較,國小(Elementary school),數學(Math),,量,x,認識重量,,,,,,,,,,,,,,,,,
知識點(KnowledgePoint),,重量的保留性,國小(Elementary school),數學(Math),,量,x,認識重量,,,,,,,,,,,,,,,,,
知識點(KnowledgePoint),,重量的個別單位比較,國小(Elementary school),數學(Math),,量,x,認識重量,,,,,,,,,,,,,,,,,
知識點(KnowledgePoint),,重量的遞移關係,國小(Elementary school),數學(Math),,量,x,認識重量,,,,,,,,,,,,,,,,,
知識點(KnowledgePoint),,認識1000以內的數,國小(Elementary school),數學(Math),,數,x,數到1000,,,,,,,,,,,,,,,,,
知識點(KnowledgePoint),,1000以內數的位值單位換算（幾個百幾個十幾個一）,國小(Elementary school),數學(Math),,數,x,數到1000,,,,,,,,,,,,,,,,,
知識點(KnowledgePoint),,1000以內的兩數大小比較（含數與算式的比較）,國小(Elementary school),數學(Math),,數,x,數到1000,,,,,,,,,,,,,,,,,
知識點(KnowledgePoint),,認識1000元錢幣及應用,國小(Elementary school),數學(Math),,數,x,認識錢幣,,,,,,,,,,,,,,,,,
知識點(KnowledgePoint),,認識500元錢幣及應用,國小(Elementary school),數學(Math),,數,x,認識錢幣,,,,,,,,,,,,,,,,,
知識點(KnowledgePoint),,付錢買東西（500元以上）,國小(Elementary school),數學(Math),,數,x,認識錢幣,,,,,,,,,,,,,,,,,
知識點(KnowledgePoint),,三位數加法(不進位),國小(Elementary school),數學(Math),,計算,x,三位數的加法,,,,,,,,,,,,,,,,,
知識點(KnowledgePoint),,三位數加法(進位，但不進到千位),國小(Elementary school),數學(Math),,計算,x,三位數的加法,,,,,,,,,,,,,,,,,
知識點(KnowledgePoint),,三位數減法(不退位),國小(Elementary school),數學(Math),,計算,x,三位數的減法,,,,,,,,,,,,,,,,,
知識點(KnowledgePoint),,三位數減法(一次退位),國小(Elementary school),數學(Math),,計算,x,三位數的減法,,,,,,,,,,,,,,,,,
知識點(KnowledgePoint),,透過語意轉換解決相同數據不同情境的比較型計算,國小(Elementary school),數學(Math),,關係和代數,x,算式關係,,,,,,,,,,,,,,,,,
知識點(KnowledgePoint),,三位數加法估算,國小(Elementary school),數學(Math),,計算,x,加法估算（概算）,,,,,,,,,,,,,,,,,
知識點(KnowledgePoint),,三位數減法估算,國小(Elementary school),數學(Math),,計算,x,減法估算（概算）,,,,,,,,,,,,,,,,,
知識點(KnowledgePoint),,認識1公尺及公尺的量感,國小(Elementary school),數學(Math),,量,x,公尺,,,,,,,,,,,,,,,,,
知識點(KnowledgePoint),,長度在1公尺以上的估測,國小(Elementary school),數學(Math),,量,x,公尺,,,,,,,,,,,,,,,,,
知識點(KnowledgePoint),,公分和公尺的關係和換算,國小(Elementary school),數學(Math),,量,x,公尺,,,,,,,,,,,,,,,,,
知識點(KnowledgePoint),,公尺的加法,國小(Elementary school),數學(Math),,量,x,公尺,,,,,,,,,,,,,,,,,
知識點(KnowledgePoint),,公尺的減法,國小(Elementary school),數學(Math),,量,x,公尺,,,,,,,,,,,,,,,,,
知識點(KnowledgePoint),,點數計算平面圖形周長,國小(Elementary school),數學(Math),,形,x,周長,,,,,,,,,,,,,,,,,
知識點(KnowledgePoint),,認識1個月有幾天，及大月和小月,國小(Elementary school),數學(Math),,量,x,年月日,,,,,,,,,,,,,,,,,
知識點(KnowledgePoint),,認識平年和閏年,國小(Elementary school),數學(Math),,量,x,年月日,,,,,,,,,,,,,,,,,
知識點(KnowledgePoint),,查月曆點數日數,國小(Elementary school),數學(Math),,量,x,年月日,,,,,,,,,,,,,,,,,
知識點(KnowledgePoint),,測量平面圖形周長,國小(Elementary school),數學(Math),,形,x,周長,,,,,,,,,,,,,,,,,
知識點(KnowledgePoint),,透過點數得知幾天後、幾天前的日期,國小(Elementary school),數學(Math),,量,x,年月日,,,,,,,,,,,,,,,,,
知識點(KnowledgePoint),,透過年曆認識1年有幾個月,國小(Elementary school),數學(Math),,量,x,年月日,,,,,,,,,,,,,,,,,
知識點(KnowledgePoint),,10的乘法及應用,國小(Elementary school),數學(Math),,計算,x,十十乘法,,,,,,,,,,,,,,,,,
知識點(KnowledgePoint),,十幾乘以一位數,國小(Elementary school),數學(Math),,計算,x,十幾乘以一位數,,,,,,,,,,,,,,,,,
知識點(KnowledgePoint),,1的乘法及應用,國小(Elementary school),數學(Math),,計算,x,十十乘法,,,,,,,,,,,,,,,,,
知識點(KnowledgePoint),,認識1星期有幾天，知道每月至少（大概）幾星期,國小(Elementary school),數學(Math),,量,x,年月日,,,,,,,,,,,,,,,,,
知識點(KnowledgePoint),,0的乘法及應用,國小(Elementary school),數學(Math),,計算,x,十十乘法,,,,,,,,,,,,,,,,,
知識點(KnowledgePoint),,乘法交換律,國小(Elementary school),數學(Math),,關係和代數,x,算式關係,,,,,,,,,,,,,,,,,
知識點(KnowledgePoint),,十十乘法及應用,國小(Elementary school),數學(Math),,計算,x,十十乘法,,,,,,,,,,,,,,,,,
知識點(KnowledgePoint),,年和月的換算,國小(Elementary school),數學(Math),,量,x,年月日,,,,,,,,,,,,,,,,,
知識點(KnowledgePoint),,解決乘加兩步驟問題（不併式）,國小(Elementary school),數學(Math),,計算,x,整數兩步驟問題(不併式),,,,,,,,,,,,,,,,,
知識點(KnowledgePoint),,解決乘減兩步驟問題（不併式）,國小(Elementary school),數學(Math),,計算,x,整數兩步驟問題(不併式),,,,,,,,,,,,,,,,,
知識點(KnowledgePoint),,解決加乘兩步驟問題（不併式）,國小(Elementary school),數學(Math),,計算,x,整數兩步驟問題(不併式),,,,,,,,,,,,,,,,,
知識點(KnowledgePoint),,長度的遞移關係,國小(Elementary school),數學(Math),,量,x,公尺,,,,,,,,,,,,,,,,,
知識點(KnowledgePoint),,遞移律,國小(Elementary school),數學(Math),,關係和代數,x,算式關係,,,,,,,,,,,,,,,,,
知識點(KnowledgePoint),,解決減乘兩步驟問題（不併式）,國小(Elementary school),數學(Math),,計算,x,整數兩步驟問題(不併式),,,,,,,,,,,,,,,,,
知識點(KnowledgePoint),,以1公尺為單位進行長度實測,國小(Elementary school),數學(Math),,量,x,公尺,,,,,,,,,,,,,,,,,
知識點(KnowledgePoint),,平分,國小(Elementary school),數學(Math),,計算,x,分東西,,,,,,,,,,,,,,,,,
知識點(KnowledgePoint),,從平分認識分數,國小(Elementary school),數學(Math),,數,x,認識分母在12以內的單位分數,,,,,,,,,,,,,,,,,
知識點(KnowledgePoint),,從具體物判斷是否平分,國小(Elementary school),數學(Math),,計算,x,分東西,,,,,,,,,,,,,,,,,
知識點(KnowledgePoint),,認識分母在12以內的單位分數（連續量）,國小(Elementary school),數學(Math),,數,x,認識分母在12以內的單位分數,,,,,,,,,,,,,,,,,
知識點(KnowledgePoint),,認識分母在12以內的單位分數（離散量）,國小(Elementary school),數學(Math),,數,x,認識分母在12以內的單位分數,,,,,,,,,,,,,,,,,
知識點(KnowledgePoint),,初步認識長方體和正方體的構成要素,國小(Elementary school),數學(Math),,形,x,長方體和正方體,,,,,,,,,,,,,,,,,
知識點(KnowledgePoint),,分母在12以內的單位分數大小比較,國小(Elementary school),數學(Math),,數,x,認識分母在12以內的單位分數,,,,,,,,,,,,,,,,,
知識點(KnowledgePoint),,單位1不同的分數大小比較,國小(Elementary school),數學(Math),,數,x,認識分母在12以內的單位分數,,,,,,,,,,,,,,,,,
知識點(KnowledgePoint),,直觀認識正三角形、正方形和長方形特性,國小(Elementary school),數學(Math),,形,x,平面圖形,,,,,,,,,,,,,,,,,
知識點(KnowledgePoint),,面的直觀比較大小,國小(Elementary school),數學(Math),,量,x,認識的面,,,,,,,,,,,,,,,,,
知識點(KnowledgePoint),,面的認識,國小(Elementary school),數學(Math),,量,x,認識的面,,,,,,,,,,,,,,,,,
知識點(KnowledgePoint),,分裝,國小(Elementary school),數學(Math),,計算,x,分東西,,,,,,,,,,,,,,,,,
知識點(KnowledgePoint),,面的直接比較大小,國小(Elementary school),數學(Math),,量,x,認識的面,,,,,,,,,,,,,,,,,
知識點(KnowledgePoint),,面的間接比較大小,國小(Elementary school),數學(Math),,量,x,認識的面,,,,,,,,,,,,,,,,,
知識點(KnowledgePoint),,面積的個別單位比較,國小(Elementary school),數學(Math),,量,x,認識的面,,,,,,,,,,,,,,,,,
知識點(KnowledgePoint),,3、6、7、9的乘法綜合應用問題,國小(Elementary school),數學(Math),,計算,x,十十乘法,,,,,,,,,,,,,,,,,
知識點(KnowledgePoint),,做分類、紀錄、呈現、說明與討論,國小(Elementary school),數學(Math),,資料與不確定性,x,做分類,,,,,,,,,,,,,,,,,
知識點(KnowledgePoint),,分類再分類,國小(Elementary school),數學(Math),,資料與不確定性,x,做分類,,,,,,,,,,,,,,,,,
知識點(KnowledgePoint),,正方形和長方形的特性及構成要素,國小(Elementary school),數學(Math),,形,x,正方形和長方形的構成要素,,,,,,,,,,,,,,,,,
知識點(KnowledgePoint),,繪製正方形(已學會畫角),國小(Elementary school),數學(Math),,形,x,四邊形,,,,,,,,,,,,,,,,,
知識點(KnowledgePoint),,繪製長方形(已學會畫角),國小(Elementary school),數學(Math),,形,x,四邊形,,,,,,,,,,,,,,,,,
知識點(KnowledgePoint),,觀察生活事物找規律,國小(Elementary school),數學(Math),,關係和代數,x,邏輯關係,,,,,,,,,,,,,,,,,
知識點(KnowledgePoint),,藉由顏色或圖形變化找規律,國小(Elementary school),數學(Math),,關係和代數,x,邏輯關係,,,,,,,,,,,,,,,,,
知識點(KnowledgePoint),,透過連續圖形的變化找規律,國小(Elementary school),數學(Math),,關係和代數,x,邏輯關係,,,,,,,,,,,,,,,,,
知識點(KnowledgePoint),,辨認圓形,國小(Elementary school),數學(Math),,形,x,認識圓形,,,,,,,,,,,,,,,,,
知識點(KnowledgePoint),,使用圓規畫圓,國小(Elementary school),數學(Math),,形,x,認識圓形,,,,,,,,,,,,,,,,,
知識點(KnowledgePoint),,認識圓心、圓周、半徑、直徑,國小(Elementary school),數學(Math),,形,x,認識圓形,,,,,,,,,,,,,,,,,
知識點(KnowledgePoint),,圓規其他應用,國小(Elementary school),數學(Math),,形,x,認識圓形,,,,,,,,,,,,,,,,,
知識點(KnowledgePoint),,三位數加三位數（和在1000以上）,國小(Elementary school),數學(Math),,計算,x,三位數的加法,,,,,,,,,,,,,,,,,
知識點(KnowledgePoint),,三位數減三位數（2次退位和連續退位）,國小(Elementary school),數學(Math),,計算,x,三位數的減法,,,,,,,,,,,,,,,,,
知識點(KnowledgePoint),,四位數減法(不退位),國小(Elementary school),數學(Math),,計算,x,四位數的減法,,,,,,,,,,,,,,,,,
知識點(KnowledgePoint),,四位數減法(退位),國小(Elementary school),數學(Math),,計算,x,四位數的減法,,,,,,,,,,,,,,,,,
知識點(KnowledgePoint),,四位數加法(不進位),國小(Elementary school),數學(Math),,計算,x,四位數的加法,,,,,,,,,,,,,,,,,
知識點(KnowledgePoint),,四位數加法(進位),國小(Elementary school),數學(Math),,計算,x,四位數的加法,,,,,,,,,,,,,,,,,
知識點(KnowledgePoint),,四位數加法估算,國小(Elementary school),數學(Math),,計算,x,加法估算（概算）,,,,,,,,,,,,,,,,,
知識點(KnowledgePoint),,四位數減法估算,國小(Elementary school),數學(Math),,計算,x,減法估算（概算）,,,,,,,,,,,,,,,,,
知識點(KnowledgePoint),,幾十乘以一位數,國小(Elementary school),數學(Math),,計算,x,整數乘以一位數,,,,,,,,,,,,,,,,,
知識點(KnowledgePoint),,二位數乘以一位數（不進位）,國小(Elementary school),數學(Math),,計算,x,整數乘以一位數,,,,,,,,,,,,,,,,,
知識點(KnowledgePoint),,二位數乘以一位數（進位）,國小(Elementary school),數學(Math),,計算,x,整數乘以一位數,,,,,,,,,,,,,,,,,
知識點(KnowledgePoint),,幾百乘以一位數,國小(Elementary school),數學(Math),,計算,x,整數乘以一位數,,,,,,,,,,,,,,,,,
知識點(KnowledgePoint),,整數乘法估算（先取概數再算）,國小(Elementary school),數學(Math),,計算,x,乘法估算（概算）,,,,,,,,,,,,,,,,,
知識點(KnowledgePoint),,三位數乘以一位數（不進位）,國小(Elementary school),數學(Math),,計算,x,整數乘以一位數,,,,,,,,,,,,,,,,,
知識點(KnowledgePoint),,三位數乘以一位數（進位）,國小(Elementary school),數學(Math),,計算,x,整數乘以一位數,,,,,,,,,,,,,,,,,
知識點(KnowledgePoint),,解決乘加兩步驟問題（不併式，二、三位數）,國小(Elementary school),數學(Math),,計算,x,整數兩步驟問題(不併式),,,,,,,,,,,,,,,,,
知識點(KnowledgePoint),,解決乘減兩步驟問題（不併式，二、三位數）,國小(Elementary school),數學(Math),,計算,x,整數兩步驟問題(不併式),,,,,,,,,,,,,,,,,
知識點(KnowledgePoint),,解決加乘兩步驟問題（不併式，二、三位數）,國小(Elementary school),數學(Math),,計算,x,整數兩步驟問題(不併式),,,,,,,,,,,,,,,,,
知識點(KnowledgePoint),,解決減乘兩步驟問題（不併式，二、三位數）,國小(Elementary school),數學(Math),,計算,x,整數兩步驟問題(不併式),,,,,,,,,,,,,,,,,
知識點(KnowledgePoint),,知道整數除以整數中，除數、被除數、商和餘數的關係,國小(Elementary school),數學(Math),,計算,x,認識除法,,,,,,,,,,,,,,,,,
知識點(KnowledgePoint),,一、二位數÷一位數，商為一位數(有餘數),國小(Elementary school),數學(Math),,計算,x,整數除以一位數(計算到個位),,,,,,,,,,,,,,,,,
知識點(KnowledgePoint),,一、二位數÷一位數，商為一位數(整除),國小(Elementary school),數學(Math),,計算,x,整數除以一位數(計算到個位),,,,,,,,,,,,,,,,,
知識點(KnowledgePoint),,0和1的除法,國小(Elementary school),數學(Math),,計算,x,認識除法,,,,,,,,,,,,,,,,,
知識點(KnowledgePoint),,餘數的應用問題（如搭計程車、氣球顏色問題……）,國小(Elementary school),數學(Math),,計算,x,認識除法,,,,,,,,,,,,,,,,,
知識點(KnowledgePoint),,三位數除以一位數的估商,國小(Elementary school),數學(Math),,計算,x,除法估算（概算）,,,,,,,,,,,,,,,,,
知識點(KnowledgePoint),,二位數除以一位數，商為二位數,國小(Elementary school),數學(Math),,計算,x,整數除以一位數(計算到個位),,,,,,,,,,,,,,,,,
知識點(KnowledgePoint),,三位數除以一位數,國小(Elementary school),數學(Math),,計算,x,整數除以一位數(計算到個位),,,,,,,,,,,,,,,,,
知識點(KnowledgePoint),,解決連乘兩步驟問題（不併式）,國小(Elementary school),數學(Math),,計算,x,整數兩步驟問題(不併式),,,,,,,,,,,,,,,,,
知識點(KnowledgePoint),,倍的計算,國小(Elementary school),數學(Math),,計算,x,乘法的應用問題,,,,,,,,,,,,,,,,,
知識點(KnowledgePoint),,解決加除兩步驟問題（不併式）,國小(Elementary school),數學(Math),,計算,x,整數兩步驟問題(不併式),,,,,,,,,,,,,,,,,
知識點(KnowledgePoint),,解決除加兩步驟問題（不併式）,國小(Elementary school),數學(Math),,計算,x,整數兩步驟問題(不併式),,,,,,,,,,,,,,,,,
知識點(KnowledgePoint),,解決減除兩步驟問題（不併式）,國小(Elementary school),數學(Math),,計算,x,整數兩步驟問題(不併式),,,,,,,,,,,,,,,,,
知識點(KnowledgePoint),,解決除減兩步驟問題（不併式）,國小(Elementary school),數學(Math),,計算,x,整數兩步驟問題(不併式),,,,,,,,,,,,,,,,,
知識點(KnowledgePoint),,同分母分數的加法,國小(Elementary school),數學(Math),,計算,x,同分母分數加法,,,,,,,,,,,,,,,,,
知識點(KnowledgePoint),,同分母分數的減法,國小(Elementary school),數學(Math),,計算,x,同分母分數減法,,,,,,,,,,,,,,,,,
知識點(KnowledgePoint),,分數的加減應用（未知型、單位不同）,國小(Elementary school),數學(Math),,計算,x,同分母分數減法,,,,,,,,,,,,,,,,,
知識點(KnowledgePoint),,一位小數加法,國小(Elementary school),數學(Math),,計算,x,一位小數加法,,,,,,,,,,,,,,,,,
知識點(KnowledgePoint),,一位小數減法,國小(Elementary school),數學(Math),,計算,x,一位小數減法,,,,,,,,,,,,,,,,,
知識點(KnowledgePoint),,交叉對應表格,國小(Elementary school),數學(Math),,國小統計,x,報讀表格,,,,,,,,,,,,,,,,,
知識點(KnowledgePoint),,直接對應表格,國小(Elementary school),數學(Math),,國小統計,x,報讀表格,,,,,,,,,,,,,,,,,
知識點(KnowledgePoint),,功課表,國小(Elementary school),數學(Math),,國小統計,x,報讀表格,,,,,,,,,,,,,,,,,
知識點(KnowledgePoint),,火車時刻表與票價表,國小(Elementary school),數學(Math),,國小統計,x,報讀表格,,,,,,,,,,,,,,,,,
知識點(KnowledgePoint),,交叉對應表格（功課表、火車時刻表和票價表以外的表格）,國小(Elementary school),數學(Math),,國小統計,x,報讀表格,,,,,,,,,,,,,,,,,
知識點(KnowledgePoint),,製作統計表,國小(Elementary school),數學(Math),,國小統計,x,報讀表格,,,,,,,,,,,,,,,,,
知識點(KnowledgePoint),,表格的應用（合計）,國小(Elementary school),數學(Math),,國小統計,x,報讀表格,,,,,,,,,,,,,,,,,
知識點(KnowledgePoint),,毫米和公分的長度比較,國小(Elementary school),數學(Math),,量,x,毫米,,,,,,,,,,,,,,,,,
知識點(KnowledgePoint),,認識一毫米,國小(Elementary school),數學(Math),,量,x,毫米,,,,,,,,,,,,,,,,,
知識點(KnowledgePoint),,毫米的實測，估測和比較,國小(Elementary school),數學(Math),,量,x,毫米,,,,,,,,,,,,,,,,,
知識點(KnowledgePoint),,毫米和公分的關係和換算,國小(Elementary school),數學(Math),,量,x,毫米,,,,,,,,,,,,,,,,,
知識點(KnowledgePoint),,毫米和公分的加法,國小(Elementary school),數學(Math),,量,x,毫米,,,,,,,,,,,,,,,,,
知識點(KnowledgePoint),,毫米和公分的減法,國小(Elementary school),數學(Math),,量,x,毫米,,,,,,,,,,,,,,,,,
知識點(KnowledgePoint),,測量及繪製以公分和毫米為單位的長度,國小(Elementary school),數學(Math),,量,x,毫米,,,,,,,,,,,,,,,,,
知識點(KnowledgePoint),,毫米和公分、公尺的關係和換算,國小(Elementary school),數學(Math),,量,x,毫米,,,,,,,,,,,,,,,,,
知識點(KnowledgePoint),,認識角及構成要素,國小(Elementary school),數學(Math),,量,x,認識角,,,,,,,,,,,,,,,,,
知識點(KnowledgePoint),,直接比較角的大小,國小(Elementary school),數學(Math),,量,x,認識角,,,,,,,,,,,,,,,,,
知識點(KnowledgePoint),,間接比較角的大小,國小(Elementary school),數學(Math),,量,x,認識角,,,,,,,,,,,,,,,,,
知識點(KnowledgePoint),,認識並辨別直角,國小(Elementary school),數學(Math),,量,x,認識角,,,,,,,,,,,,,,,,,
知識點(KnowledgePoint),,認識並辨別鈍角和銳角,國小(Elementary school),數學(Math),,量,x,認識角,,,,,,,,,,,,,,,,,
知識點(KnowledgePoint),,繪製直角,國小(Elementary school),數學(Math),,量,x,角度,,,,,,,,,,,,,,,,,
知識點(KnowledgePoint),,認識毫公升及報讀,國小(Elementary school),數學(Math),,量,x,公升和毫公升,,,,,,,,,,,,,,,,,
知識點(KnowledgePoint),,公升和毫公升的液量估測,國小(Elementary school),數學(Math),,量,x,公升和毫公升,,,,,,,,,,,,,,,,,
知識點(KnowledgePoint),,毫公升的液量估測,國小(Elementary school),數學(Math),,量,x,公升和毫公升,,,,,,,,,,,,,,,,,
知識點(KnowledgePoint),,認識公升及報讀,國小(Elementary school),數學(Math),,量,x,公升和毫公升,,,,,,,,,,,,,,,,,
知識點(KnowledgePoint),,公升的液量估測,國小(Elementary school),數學(Math),,量,x,公升和毫公升,,,,,,,,,,,,,,,,,
知識點(KnowledgePoint),,公升和毫公升的關係和換算,國小(Elementary school),數學(Math),,量,x,公升和毫公升,,,,,,,,,,,,,,,,,
知識點(KnowledgePoint),,公升和毫升的大小比較,國小(Elementary school),數學(Math),,量,x,公升和毫公升,,,,,,,,,,,,,,,,,
知識點(KnowledgePoint),,容量的複名數加法（沒有進位）,國小(Elementary school),數學(Math),,量,x,公升和毫公升,,,,,,,,,,,,,,,,,
知識點(KnowledgePoint),,容量的複名數減法（沒有退位）,國小(Elementary school),數學(Math),,量,x,公升和毫公升,,,,,,,,,,,,,,,,,
知識點(KnowledgePoint),,二十四時制與十二時制的換算,國小(Elementary school),數學(Math),,量,x,時間的換算,,,,,,,,,,,,,,,,,
知識點(KnowledgePoint),,認識AM及PM,國小(Elementary school),數學(Math),,量,x,時間的換算,,,,,,,,,,,,,,,,,
知識點(KnowledgePoint),,時間的估測,國小(Elementary school),數學(Math),,量,x,時間的換算,,,,,,,,,,,,,,,,,
知識點(KnowledgePoint),,認識1秒鐘,國小(Elementary school),數學(Math),,量,x,時間的換算,,,,,,,,,,,,,,,,,
知識點(KnowledgePoint),,時間單位換算（一階單位）,國小(Elementary school),數學(Math),,量,x,時間的換算,,,,,,,,,,,,,,,,,
知識點(KnowledgePoint),,認識時間和時刻,國小(Elementary school),數學(Math),,量,x,時間的加減,,,,,,,,,,,,,,,,,
知識點(KnowledgePoint),,時間量的加法（沒進位）,國小(Elementary school),數學(Math),,量,x,時間的加減,,,,,,,,,,,,,,,,,
知識點(KnowledgePoint),,時間量的減法（沒退位）,國小(Elementary school),數學(Math),,量,x,時間的加減,,,,,,,,,,,,,,,,,
知識點(KnowledgePoint),,計算兩時刻之間的時間量（沒退位）,國小(Elementary school),數學(Math),,量,x,時間的加減,,,,,,,,,,,,,,,,,
知識點(KnowledgePoint),,時刻與時間量的加法（沒進位）,國小(Elementary school),數學(Math),,量,x,時間的加減,,,,,,,,,,,,,,,,,
知識點(KnowledgePoint),,時刻與時間量的減法（沒退位）,國小(Elementary school),數學(Math),,量,x,時間的加減,,,,,,,,,,,,,,,,,
知識點(KnowledgePoint),,公斤、公克的重量實測和估測,國小(Elementary school),數學(Math),,量,x,公斤和公克,,,,,,,,,,,,,,,,,
知識點(KnowledgePoint),,認識重量測量工具,國小(Elementary school),數學(Math),,量,x,公斤和公克,,,,,,,,,,,,,,,,,
知識點(KnowledgePoint),,認識面積和平方公分,國小(Elementary school),數學(Math),,量,x,面積,,,,,,,,,,,,,,,,,
知識點(KnowledgePoint),,利用切割、重組再點數或計算面積,國小(Elementary school),數學(Math),,量,x,面積,,,,,,,,,,,,,,,,,
知識點(KnowledgePoint),,面積的估算,國小(Elementary school),數學(Math),,量,x,面積,,,,,,,,,,,,,,,,,
知識點(KnowledgePoint),,認識公斤,國小(Elementary school),數學(Math),,量,x,公斤和公克,,,,,,,,,,,,,,,,,
知識點(KnowledgePoint),,認識公克,國小(Elementary school),數學(Math),,量,x,公斤和公克,,,,,,,,,,,,,,,,,
知識點(KnowledgePoint),,認識1公斤秤及報讀,國小(Elementary school),數學(Math),,量,x,公斤和公克,,,,,,,,,,,,,,,,,
知識點(KnowledgePoint),,認識3公斤秤及報讀,國小(Elementary school),數學(Math),,量,x,公斤和公克,,,,,,,,,,,,,,,,,
知識點(KnowledgePoint),,公斤和公克的關係和換算,國小(Elementary school),數學(Math),,量,x,公斤和公克,,,,,,,,,,,,,,,,,
知識點(KnowledgePoint),,公斤和公克的大小比較,國小(Elementary school),數學(Math),,量,x,公斤和公克,,,,,,,,,,,,,,,,,
知識點(KnowledgePoint),,重量的複名數加法（沒有進位）,國小(Elementary school),數學(Math),,量,x,公斤和公克,,,,,,,,,,,,,,,,,
知識點(KnowledgePoint),,重量的複名數減法（沒有退位）,國小(Elementary school),數學(Math),,量,x,公斤和公克,,,,,,,,,,,,,,,,,
知識點(KnowledgePoint),,報讀幾時幾分幾秒,國小(Elementary school),數學(Math),,量,x,幾點幾分,,,,,,,,,,,,,,,,,
知識點(KnowledgePoint),,毫米換算成公分（小數的換算）,國小(Elementary school),數學(Math),,數,x,認識一位小數,,,,,,,,,,,,,,,,,
知識點(KnowledgePoint),,認識0.1公升,國小(Elementary school),數學(Math),,數,x,認識一位小數,,,,,,,,,,,,,,,,,
知識點(KnowledgePoint),,實測、點數或計算報讀以平方公分為單位的面,國小(Elementary school),數學(Math),,量,x,面積,,,,,,,,,,,,,,,,,
知識點(KnowledgePoint),,繪製指定的長方形面積,國小(Elementary school),數學(Math),,量,x,面積,,,,,,,,,,,,,,,,,
知識點(KnowledgePoint),,用任意形狀在方格板上繪製指定大小的面積,國小(Elementary school),數學(Math),,量,x,面積,,,,,,,,,,,,,,,,,
知識點(KnowledgePoint),,認識10000以內的數,國小(Elementary school),數學(Math),,數,x,數到10000,,,,,,,,,,,,,,,,,
知識點(KnowledgePoint),,認識千位及位值單位換算,國小(Elementary school),數學(Math),,數,x,數到10000,,,,,,,,,,,,,,,,,
知識點(KnowledgePoint),,認識1000元以上的錢數,國小(Elementary school),數學(Math),,數,x,認識錢幣,,,,,,,,,,,,,,,,,
知識點(KnowledgePoint),,10000以內的兩數大小比較,國小(Elementary school),數學(Math),,數,x,數到10000,,,,,,,,,,,,,,,,,
知識點(KnowledgePoint),,認識整數數線,國小(Elementary school),數學(Math),,數,x,數線,,,,,,,,,,,,,,,,,
知識點(KnowledgePoint),,在數線上做加減,國小(Elementary school),數學(Math),,數,x,數線,,,,,,,,,,,,,,,,,
知識點(KnowledgePoint),,奇數和偶數,國小(Elementary school),數學(Math),,關係和代數,x,邏輯關係,,,,,,,,,,,,,,,,,
知識點(KnowledgePoint),,透過數字變化找規律,國小(Elementary school),數學(Math),,關係和代數,x,邏輯關係,,,,,,,,,,,,,,,,,
知識點(KnowledgePoint),,認識分數、分母、分子(非單位分數),國小(Elementary school),數學(Math),,數,x,認識分母在20以內的分數,,,,,,,,,,,,,,,,,
知識點(KnowledgePoint),,分數的累加（數詞序列）,國小(Elementary school),數學(Math),,數,x,認識分母在20以內的分數,,,,,,,,,,,,,,,,,
知識點(KnowledgePoint),,不含帶分數的同分母分數的大小比較（大於1）,國小(Elementary school),數學(Math),,數,x,認識分母在20以內的分數,,,,,,,,,,,,,,,,,
知識點(KnowledgePoint),,單位分數的累加（不超過2）,國小(Elementary school),數學(Math),,數,x,認識分母在20以內的分數,,,,,,,,,,,,,,,,,
知識點(KnowledgePoint),,不含帶分數的同分母分數的大小比較（小於1）,國小(Elementary school),數學(Math),,數,x,認識分母在20以內的分數,,,,,,,,,,,,,,,,,
知識點(KnowledgePoint),,知道N分之N等於1,國小(Elementary school),數學(Math),,數,x,認識分母在20以內的分數,,,,,,,,,,,,,,,,,
知識點(KnowledgePoint),,幾個和幾分之幾的大小比較,國小(Elementary school),數學(Math),,數,x,認識分母在20以內的分數,,,,,,,,,,,,,,,,,
知識點(KnowledgePoint),,認識一位小數,國小(Elementary school),數學(Math),,數,x,認識一位小數,,,,,,,,,,,,,,,,,
知識點(KnowledgePoint),,零點A＝十分之A,國小(Elementary school),數學(Math),,數,x,認識一位小數,,,,,,,,,,,,,,,,,
知識點(KnowledgePoint),,認識十分位及位值單位換算,國小(Elementary school),數學(Math),,數,x,認識一位小數,,,,,,,,,,,,,,,,,
知識點(KnowledgePoint),,一位小數的大小比較,國小(Elementary school),數學(Math),,數,x,認識一位小數,,,,,,,,,,,,,,,,,
知識點(KnowledgePoint),,四位數減法驗算,國小(Elementary school),數學(Math),,關係和代數,x,算式關係,,,,,,,,,,,,,,,,,
知識點(KnowledgePoint),,利用線段圖解決四位數加減問題,國小(Elementary school),數學(Math),,關係和代數,x,算式關係,,,,,,,,,,,,,,,,,
知識點(KnowledgePoint),,初步認識乘除互逆關係,國小(Elementary school),數學(Math),,關係和代數,x,算式關係,,,,,,,,,,,,,,,,,
知識點(KnowledgePoint),,除法的驗算,國小(Elementary school),數學(Math),,關係和代數,x,算式關係,,,,,,,,,,,,,,,,,
知識點(KnowledgePoint),,理解乘除互逆關係及應用,國小(Elementary school),數學(Math),,關係和代數,x,算式關係,,,,,,,,,,,,,,,,,
知識點(KnowledgePoint),,透過乘除互逆關係解應用題,國小(Elementary school),數學(Math),,關係和代數,x,算式關係,,,,,,,,,,,,,,,,,
知識點(KnowledgePoint),,一億以內數的位值單位換算,國小(Elementary school),數學(Math),,數,x,一億以內的數,,,,,,,,,,,,,,,,,
知識點(KnowledgePoint),,認識一億以內的數及數詞序列,國小(Elementary school),數學(Math),,數,x,一億以內的數,,,,,,,,,,,,,,,,,
知識點(KnowledgePoint),,一億以內數的大小比較,國小(Elementary school),數學(Math),,數,x,一億以內的數,,,,,,,,,,,,,,,,,
知識點(KnowledgePoint),,以萬為單位的加法,國小(Elementary school),數學(Math),,計算,x,多位數的加法,,,,,,,,,,,,,,,,,
知識點(KnowledgePoint),,以萬為單位的減法,國小(Elementary school),數學(Math),,計算,x,多位數的減法,,,,,,,,,,,,,,,,,
知識點(KnowledgePoint),,四位數乘以一位數,國小(Elementary school),數學(Math),,計算,x,整數乘以一位數,,,,,,,,,,,,,,,,,
知識點(KnowledgePoint),,一位數乘以二位數,國小(Elementary school),數學(Math),,計算,x,整數乘以二位數,,,,,,,,,,,,,,,,,
知識點(KnowledgePoint),,一位數乘以幾十,國小(Elementary school),數學(Math),,計算,x,整數乘以二位數,,,,,,,,,,,,,,,,,
知識點(KnowledgePoint),,二位數乘以二位數,國小(Elementary school),數學(Math),,計算,x,整數乘以二位數,,,,,,,,,,,,,,,,,
知識點(KnowledgePoint),,二位數乘以幾十,國小(Elementary school),數學(Math),,計算,x,整數乘以二位數,,,,,,,,,,,,,,,,,
知識點(KnowledgePoint),,乘數和被乘數末幾位有零的規則,國小(Elementary school),數學(Math),,計算,x,多位數的乘法,,,,,,,,,,,,,,,,,
知識點(KnowledgePoint),,一位數乘以三位數,國小(Elementary school),數學(Math),,計算,x,整數乘以三位數,,,,,,,,,,,,,,,,,
知識點(KnowledgePoint),,二位數乘以三位數,國小(Elementary school),數學(Math),,計算,x,整數乘以三位數,,,,,,,,,,,,,,,,,
知識點(KnowledgePoint),,二位數乘以幾百,國小(Elementary school),數學(Math),,計算,x,整數乘以三位數,,,,,,,,,,,,,,,,,
知識點(KnowledgePoint),,幾十乘以幾十,國小(Elementary school),數學(Math),,計算,x,整數乘以二位數,,,,,,,,,,,,,,,,,
知識點(KnowledgePoint),,三位數乘以幾十,國小(Elementary school),數學(Math),,計算,x,整數乘以二位數,,,,,,,,,,,,,,,,,
知識點(KnowledgePoint),,四位數乘以二位數,國小(Elementary school),數學(Math),,計算,x,整數乘以二位數,,,,,,,,,,,,,,,,,
知識點(KnowledgePoint),,知道直角、鈍角和銳角的定義,國小(Elementary school),數學(Math),,量,x,角度,,,,,,,,,,,,,,,,,
知識點(KnowledgePoint),,認識並辨別周角,國小(Elementary school),數學(Math),,量,x,角度,,,,,,,,,,,,,,,,,
知識點(KnowledgePoint),,角度的估測,國小(Elementary school),數學(Math),,量,x,角度,,,,,,,,,,,,,,,,,
知識點(KnowledgePoint),,角度的計算,國小(Elementary school),數學(Math),,量,x,角度,,,,,,,,,,,,,,,,,
知識點(KnowledgePoint),,認識並辨別平角,國小(Elementary school),數學(Math),,量,x,角度,,,,,,,,,,,,,,,,,
知識點(KnowledgePoint),,認識旋轉角,國小(Elementary school),數學(Math),,量,x,角度,,,,,,,,,,,,,,,,,
知識點(KnowledgePoint),,認識量角器,國小(Elementary school),數學(Math),,量,x,角度,,,,,,,,,,,,,,,,,
知識點(KnowledgePoint),,認識順時針方向和逆時針方向,國小(Elementary school),數學(Math),,量,x,角度,,,,,,,,,,,,,,,,,
知識點(KnowledgePoint),,認識鐘面上的角度,國小(Elementary school),數學(Math),,量,x,角度,,,,,,,,,,,,,,,,,
知識點(KnowledgePoint),,使用量角器量角和畫角,國小(Elementary school),數學(Math),,量,x,角度,,,,,,,,,,,,,,,,,
知識點(KnowledgePoint),,認識三角板上的角度,國小(Elementary school),數學(Math),,量,x,角度,,,,,,,,,,,,,,,,,
知識點(KnowledgePoint),,認識帶分數,國小(Elementary school),數學(Math),,數,x,真分數、假分數和帶分數,,,,,,,,,,,,,,,,,
知識點(KnowledgePoint),,認識真分數和假分數,國小(Elementary school),數學(Math),,數,x,真分數、假分數和帶分數,,,,,,,,,,,,,,,,,
知識點(KnowledgePoint),,二位數÷二位數的估商,國小(Elementary school),數學(Math),,計算,x,整數除以二位數(計算到個位),,,,,,,,,,,,,,,,,
知識點(KnowledgePoint),,四位數除以一位數,國小(Elementary school),數學(Math),,計算,x,整數除以一位數(計算到個位),,,,,,,,,,,,,,,,,
知識點(KnowledgePoint),,四位數除以二位數,國小(Elementary school),數學(Math),,計算,x,整數除以二位數(計算到個位),,,,,,,,,,,,,,,,,
知識點(KnowledgePoint),,由邊或角來辨認三角形,國小(Elementary school),數學(Math),,形,x,三角形的構成要素,,,,,,,,,,,,,,,,,
知識點(KnowledgePoint),,認識直角三角形及其特性,國小(Elementary school),數學(Math),,形,x,三角形的構成要素,,,,,,,,,,,,,,,,,
知識點(KnowledgePoint),,認識等腰直角三角形及其特性,國小(Elementary school),數學(Math),,形,x,三角形的構成要素,,,,,,,,,,,,,,,,,
知識點(KnowledgePoint),,認識鈍角三角形及其特性,國小(Elementary school),數學(Math),,形,x,三角形的構成要素,,,,,,,,,,,,,,,,,
知識點(KnowledgePoint),,繪製直角三角形,國小(Elementary school),數學(Math),,形,x,三角形的構成要素,,,,,,,,,,,,,,,,,
知識點(KnowledgePoint),,繪製等腰三角形,國小(Elementary school),數學(Math),,形,x,三角形的構成要素,,,,,,,,,,,,,,,,,
知識點(KnowledgePoint),,繪製等腰直角三角形,國小(Elementary school),數學(Math),,形,x,三角形的構成要素,,,,,,,,,,,,,,,,,
知識點(KnowledgePoint),,公里和公尺的關係和換算（沒有小數點）,國小(Elementary school),數學(Math),,量,x,公里,,,,,,,,,,,,,,,,,
知識點(KnowledgePoint),,公里和公分的關係和換算,國小(Elementary school),數學(Math),,量,x,公里,,,,,,,,,,,,,,,,,
知識點(KnowledgePoint),,公里和公尺的加法,國小(Elementary school),數學(Math),,量,x,公里,,,,,,,,,,,,,,,,,
知識點(KnowledgePoint),,認識三角形的邊、角和頂點,國小(Elementary school),數學(Math),,形,x,三角形的構成要素,,,,,,,,,,,,,,,,,
知識點(KnowledgePoint),,二位數除以二位數,國小(Elementary school),數學(Math),,計算,x,整數除以二位數(計算到個位),,,,,,,,,,,,,,,,,
知識點(KnowledgePoint),,三位數除以二位數,國小(Elementary school),數學(Math),,計算,x,整數除以二位數(計算到個位),,,,,,,,,,,,,,,,,
知識點(KnowledgePoint),,認識分數數線,國小(Elementary school),數學(Math),,數,x,數線,,,,,,,,,,,,,,,,,
知識點(KnowledgePoint),,三位數除以三位數,國小(Elementary school),數學(Math),,計算,x,整數除以三位數(計算到個位),,,,,,,,,,,,,,,,,
知識點(KnowledgePoint),,在二維表格上找到數的規律,國小(Elementary school),數學(Math),,關係與代數,x,邏輯關係,,,,,,,,,,,,,,,,,
知識點(KnowledgePoint),,認識正三角形及其特性,國小(Elementary school),數學(Math),,形,x,三角形的構成要素,,,,,,,,,,,,,,,,,
知識點(KnowledgePoint),,認識等腰三角形及其特性,國小(Elementary school),數學(Math),,形,x,三角形的構成要素,,,,,,,,,,,,,,,,,
知識點(KnowledgePoint),,認識銳角三角形及其特性,國小(Elementary school),數學(Math),,形,x,三角形的構成要素,,,,,,,,,,,,,,,,,
知識點(KnowledgePoint),,認識二位小數,國小(Elementary school),數學(Math),,數,x,認識二位小數,,,,,,,,,,,,,,,,,
知識點(KnowledgePoint),,認識百分位及位值單位換算,國小(Elementary school),數學(Math),,數,x,認識二位小數,,,,,,,,,,,,,,,,,
知識點(KnowledgePoint),,二位小數的大小比較,國小(Elementary school),數學(Math),,數,x,認識二位小數,,,,,,,,,,,,,,,,,
知識點(KnowledgePoint),,小數與量的換算（如：1公分＝0.01公尺）,國小(Elementary school),數學(Math),,數,x,認識二位小數,,,,,,,,,,,,,,,,,
知識點(KnowledgePoint),,認識全等圖形及對應角、對應邊、對應點,國小(Elementary school),數學(Math),,形,x,全等圖形,,,,,,,,,,,,,,,,,
知識點(KnowledgePoint),,二位小數加法,國小(Elementary school),數學(Math),,計算,x,二位小數加法,,,,,,,,,,,,,,,,,
知識點(KnowledgePoint),,二位小數減法,國小(Elementary school),數學(Math),,計算,x,二位小數減法,,,,,,,,,,,,,,,,,
知識點(KnowledgePoint),,認識先乘除後加減的計算,國小(Elementary school),數學(Math),,關係和代數,x,四則計算規律,,,,,,,,,,,,,,,,,
知識點(KnowledgePoint),,帶分數和假分數的互換,國小(Elementary school),數學(Math),,數,x,真分數、假分數和帶分數,,,,,,,,,,,,,,,,,
知識點(KnowledgePoint),,同分母分數的加法（有帶分數）,國小(Elementary school),數學(Math),,計算,x,同分母分數加法,,,,,,,,,,,,,,,,,
知識點(KnowledgePoint),,同分母分數的減法（有帶分數）,國小(Elementary school),數學(Math),,計算,x,同分母分數減法,,,,,,,,,,,,,,,,,
知識點(KnowledgePoint),,認識一位小數的小數數線,國小(Elementary school),數學(Math),,數,x,數線,,,,,,,,,,,,,,,,,
知識點(KnowledgePoint),,帶分數乘以整數,國小(Elementary school),數學(Math),,計算,x,分數乘以整數,,,,,,,,,,,,,,,,,
知識點(KnowledgePoint),,報讀複雜長條圖（資料圖左右疊）,國小(Elementary school),數學(Math),,資料與不確定性,x,報讀統計圖表,,,,,,,,,,,,,,,,,
知識點(KnowledgePoint),,認識1公里及公里的量感,國小(Elementary school),數學(Math),,量,x,公里,,,,,,,,,,,,,,,,,
知識點(KnowledgePoint),,認識及報讀長條圖,國小(Elementary school),數學(Math),,資料與不確定性,x,報讀統計圖表,,,,,,,,,,,,,,,,,
知識點(KnowledgePoint),,繪製長條圖,國小(Elementary school),數學(Math),,資料與不確定性,x,繪製統計圖,,,,,,,,,,,,,,,,,
知識點(KnowledgePoint),,認識及報讀折線圖,國小(Elementary school),數學(Math),,資料與不確定性,x,報讀統計圖表,,,,,,,,,,,,,,,,,
知識點(KnowledgePoint),,公里和公尺的乘法,國小(Elementary school),數學(Math),,量,x,公里,,,,,,,,,,,,,,,,,
知識點(KnowledgePoint),,公里和公尺的減法,國小(Elementary school),數學(Math),,量,x,公里,,,,,,,,,,,,,,,,,
知識點(KnowledgePoint),,公里和公尺的除法,國小(Elementary school),數學(Math),,量,x,公里,,,,,,,,,,,,,,,,,
知識點(KnowledgePoint),,一位數乘以幾百,國小(Elementary school),數學(Math),,計算,x,整數乘以三位數,,,,,,,,,,,,,,,,,
知識點(KnowledgePoint),,三位數乘以三位數,國小(Elementary school),數學(Math),,計算,x,整數乘以三位數,,,,,,,,,,,,,,,,,
知識點(KnowledgePoint),,四位數乘以三位數,國小(Elementary school),數學(Math),,計算,x,整數乘以三位數,,,,,,,,,,,,,,,,,
知識點(KnowledgePoint),,四位數除以三位數,國小(Elementary school),數學(Math),,計算,x,整數除以三位數(計算到個位),,,,,,,,,,,,,,,,,
知識點(KnowledgePoint),,認識概數,國小(Elementary school),數學(Math),,數,x,概數,,,,,,,,,,,,,,,,,
知識點(KnowledgePoint),,四捨五入法,國小(Elementary school),數學(Math),,數,x,概數,,,,,,,,,,,,,,,,,
知識點(KnowledgePoint),,三位數乘以二位數,國小(Elementary school),數學(Math),,計算,x,整數乘以二位數,,,,,,,,,,,,,,,,,
知識點(KnowledgePoint),,除數和被除數末幾位有零的規則,國小(Elementary school),數學(Math),,計算,x,多位數的除法(計算到個位),,,,,,,,,,,,,,,,,
知識點(KnowledgePoint),,無條件捨去法,國小(Elementary school),數學(Math),,數,x,概數,,,,,,,,,,,,,,,,,
知識點(KnowledgePoint),,無條件進入法,國小(Elementary school),數學(Math),,數,x,概數,,,,,,,,,,,,,,,,,
知識點(KnowledgePoint),,概數的應用,國小(Elementary school),數學(Math),,數,x,概數,,,,,,,,,,,,,,,,,
知識點(KnowledgePoint),,繪製互相垂直的直線,國小(Elementary school),數學(Math),,形,x,垂直和平行,,,,,,,,,,,,,,,,,
知識點(KnowledgePoint),,繪製互相平行的直線,國小(Elementary school),數學(Math),,形,x,垂直和平行,,,,,,,,,,,,,,,,,
知識點(KnowledgePoint),,認識互相垂直,國小(Elementary school),數學(Math),,形,x,垂直和平行,,,,,,,,,,,,,,,,,
知識點(KnowledgePoint),,認識互相平行,國小(Elementary school),數學(Math),,形,x,垂直和平行,,,,,,,,,,,,,,,,,
知識點(KnowledgePoint),,認識有括號的先算,國小(Elementary school),數學(Math),,關係和代數,x,四則計算規律,,,,,,,,,,,,,,,,,
知識點(KnowledgePoint),,認識四邊形及對邊、鄰邊和對角,國小(Elementary school),數學(Math),,形,x,四邊形,,,,,,,,,,,,,,,,,
知識點(KnowledgePoint),,認識各種四邊形及辨認,國小(Elementary school),數學(Math),,形,x,四邊形,,,,,,,,,,,,,,,,,
知識點(KnowledgePoint),,認識對角線,國小(Elementary school),數學(Math),,形,x,四邊形,,,,,,,,,,,,,,,,,
知識點(KnowledgePoint),,四邊形對角線剪開後的全等關係,國小(Elementary school),數學(Math),,形,x,四邊形,,,,,,,,,,,,,,,,,
知識點(KnowledgePoint),,繪製平行四邊形,國小(Elementary school),數學(Math),,形,x,四邊形,,,,,,,,,,,,,,,,,
知識點(KnowledgePoint),,繪製正方形(已學會畫平行線),國小(Elementary school),數學(Math),,形,x,四邊形,,,,,,,,,,,,,,,,,
知識點(KnowledgePoint),,繪製長方形(已學會畫平行線),國小(Elementary school),數學(Math),,形,x,四邊形,,,,,,,,,,,,,,,,,
知識點(KnowledgePoint),,繪製指定四邊形,國小(Elementary school),數學(Math),,形,x,四邊形,,,,,,,,,,,,,,,,,
知識點(KnowledgePoint),,認識由左而右的計算,國小(Elementary school),數學(Math),,關係和代數,x,四則計算規律,,,,,,,,,,,,,,,,,
知識點(KnowledgePoint),,先加再減與先減再加的結果相同,國小(Elementary school),數學(Math),,關係和代數,x,四則計算規律,,,,,,,,,,,,,,,,,
知識點(KnowledgePoint),,先乘後除與先除後乘的結果相同,國小(Elementary school),數學(Math),,關係和代數,x,四則計算規律,,,,,,,,,,,,,,,,,
知識點(KnowledgePoint),,連加的順序可交換,國小(Elementary school),數學(Math),,關係和代數,x,四則計算規律,,,,,,,,,,,,,,,,,
知識點(KnowledgePoint),,連減的順序可交換,國小(Elementary school),數學(Math),,關係和代數,x,四則計算規律,,,,,,,,,,,,,,,,,
知識點(KnowledgePoint),,三數相乘，順序改變不影響其積,國小(Elementary school),數學(Math),,關係和代數,x,四則計算規律,,,,,,,,,,,,,,,,,
知識點(KnowledgePoint),,繪製梯形,國小(Elementary school),數學(Math),,形,x,四邊形,,,,,,,,,,,,,,,,,
知識點(KnowledgePoint),,繪製菱形,國小(Elementary school),數學(Math),,形,x,四邊形,,,,,,,,,,,,,,,,,
知識點(KnowledgePoint),,解決分數的整數倍兩步驟問題（不併式）,國小(Elementary school),數學(Math),,計算,x,分數四則,,,,,,,,,,,,,,,,,
知識點(KnowledgePoint),,假分數乘以整數,國小(Elementary school),數學(Math),,計算,x,分數乘以整數,,,,,,,,,,,,,,,,,
知識點(KnowledgePoint),,真分數乘以整數,國小(Elementary school),數學(Math),,計算,x,分數乘以整數,,,,,,,,,,,,,,,,,
知識點(KnowledgePoint),,在二維圖上找到圖的規律,國小(Elementary school),數學(Math),,關係與代數,x,邏輯關係,,,,,,,,,,,,,,,,,
知識點(KnowledgePoint),,認識省略符號,國小(Elementary school),數學(Math),,資料與不確定性,x,報讀統計圖表,,,,,,,,,,,,,,,,,
知識點(KnowledgePoint),,直觀比較體積的大小,國小(Elementary school),數學(Math),,量,x,立方公分,,,,,,,,,,,,,,,,,
知識點(KnowledgePoint),,認識體積,國小(Elementary school),數學(Math),,量,x,立方公分,,,,,,,,,,,,,,,,,
知識點(KnowledgePoint),,體積的個別單位比較,國小(Elementary school),數學(Math),,量,x,立方公分,,,,,,,,,,,,,,,,,
知識點(KnowledgePoint),,一位小數乘以二位整數,國小(Elementary school),數學(Math),,計算,x,小數乘以整數,,,,,,,,,,,,,,,,,
知識點(KnowledgePoint),,小數乘以整數之小數點位置關係,國小(Elementary school),數學(Math),,計算,x,小數乘以整數,,,,,,,,,,,,,,,,,
知識點(KnowledgePoint),,一位小數乘以一位整數,國小(Elementary school),數學(Math),,計算,x,小數乘以整數,,,,,,,,,,,,,,,,,
知識點(KnowledgePoint),,二位小數乘以一位整數,國小(Elementary school),數學(Math),,計算,x,小數乘以整數,,,,,,,,,,,,,,,,,
知識點(KnowledgePoint),,點數排成四角柱的形體,國小(Elementary school),數學(Math),,量,x,立方公分,,,,,,,,,,,,,,,,,
知識點(KnowledgePoint),,認識1立方公分，並進行形體的堆疊,國小(Elementary school),數學(Math),,量,x,立方公分,,,,,,,,,,,,,,,,,
知識點(KnowledgePoint),,點算複雜複合形體的體積,國小(Elementary school),數學(Math),,量,x,立方公分,,,,,,,,,,,,,,,,,
知識點(KnowledgePoint),,二位小數乘以二位整數,國小(Elementary school),數學(Math),,計算,x,小數乘以整數,,,,,,,,,,,,,,,,,
知識點(KnowledgePoint),,解決小數的整數倍兩步驟問題（不併式）,國小(Elementary school),數學(Math),,計算,x,小數四則,,,,,,,,,,,,,,,,,
知識點(KnowledgePoint),,繪製一位小數的數線並紀錄,國小(Elementary school),數學(Math),,數,x,數線,,,,,,,,,,,,,,,,,
知識點(KnowledgePoint),,認識二位以上小數的小數數線,國小(Elementary school),數學(Math),,數,x,數線,,,,,,,,,,,,,,,,,
知識點(KnowledgePoint),,認識正方形面積公式,國小(Elementary school),數學(Math),,量,x,正方形與長方形面積,,,,,,,,,,,,,,,,,
知識點(KnowledgePoint),,認識長方形面積公式,國小(Elementary school),數學(Math),,量,x,正方形與長方形面積,,,,,,,,,,,,,,,,,
知識點(KnowledgePoint),,正方形周長公式,國小(Elementary school),數學(Math),,形,x,周長,,,,,,,,,,,,,,,,,
知識點(KnowledgePoint),,長方形周長公式,國小(Elementary school),數學(Math),,形,x,周長,,,,,,,,,,,,,,,,,
知識點(KnowledgePoint),,平方公尺,國小(Elementary school),數學(Math),,量,x,認識平方公尺,,,,,,,,,,,,,,,,,
知識點(KnowledgePoint),,長方形和正方形的複合圖形面積,國小(Elementary school),數學(Math),,量,x,複合圖形面積,,,,,,,,,,,,,,,,,
知識點(KnowledgePoint),,平方公尺與平方公分的換算,國小(Elementary school),數學(Math),,量,x,認識平方公尺,,,,,,,,,,,,,,,,,
知識點(KnowledgePoint),,正方形或長方形的複合圖形周長,國小(Elementary school),數學(Math),,形,x,複合圖形的周長,,,,,,,,,,,,,,,,,
知識點(KnowledgePoint),,認識等值分數,國小(Elementary school),數學(Math),,數,x,等值分數和擴分、約分、通分,,,,,,,,,,,,,,,,,
知識點(KnowledgePoint),,異分母分數的大小比較（有數線或圖形輔助）,國小(Elementary school),數學(Math),,數,x,等值分數和擴分、約分、通分,,,,,,,,,,,,,,,,,
知識點(KnowledgePoint),,透過線段圖解決異分母分數的計算,國小(Elementary school),數學(Math),,計算,x,異分母分數減法,,,,,,,,,,,,,,,,,
知識點(KnowledgePoint),,找出等值分數,國小(Elementary school),數學(Math),,數,x,等值分數和擴分、約分、通分,,,,,,,,,,,,,,,,,
知識點(KnowledgePoint),,小數換分數（二位以下小數）,國小(Elementary school),數學(Math),,數,x,分數和小數的互換,,,,,,,,,,,,,,,,,
知識點(KnowledgePoint),,分數換小數（分母為2、5、10、100的分數）,國小(Elementary school),數學(Math),,數,x,分數和小數的互換,,,,,,,,,,,,,,,,,
知識點(KnowledgePoint),,面積和周長的關係,國小(Elementary school),數學(Math),,量,x,正方形與長方形面積,,,,,,,,,,,,,,,,,
知識點(KnowledgePoint),,長方形和正方形面積公式的應用（如：用面積求邊長、用周長求面積）,國小(Elementary school),數學(Math),,量,x,正方形與長方形面積,,,,,,,,,,,,,,,,,
知識點(KnowledgePoint),,含帶分數的同分母分數的大小比較,國小(Elementary school),數學(Math),,數,x,真分數、假分數和帶分數,,,,,,,,,,,,,,,,,
知識點(KnowledgePoint),,連減兩數相當於減此兩數之和,國小(Elementary school),數學(Math),,關係和代數,x,四則計算規律,,,,,,,,,,,,,,,,,
知識點(KnowledgePoint),,時間單位換算（二階單位）,國小(Elementary school),數學(Math),,量,x,時間的換算,,,,,,,,,,,,,,,,,
知識點(KnowledgePoint),,時間量的減法（有退位）,國小(Elementary school),數學(Math),,量,x,時間的加減,,,,,,,,,,,,,,,,,
知識點(KnowledgePoint),,計算兩時刻之間的時間量（有退位）,國小(Elementary school),數學(Math),,量,x,時間的加減,,,,,,,,,,,,,,,,,
知識點(KnowledgePoint),,時刻與時刻的跨日計算,國小(Elementary school),數學(Math),,量,x,時間的加減,,,,,,,,,,,,,,,,,
知識點(KnowledgePoint),,時間量的加法（有進位）,國小(Elementary school),數學(Math),,量,x,時間的加減,,,,,,,,,,,,,,,,,
知識點(KnowledgePoint),,時刻與時間量的加法（有進位）,國小(Elementary school),數學(Math),,量,x,時間的加減,,,,,,,,,,,,,,,,,
知識點(KnowledgePoint),,時刻與時間量的跨日計算,國小(Elementary school),數學(Math),,量,x,時間的加減,,,,,,,,,,,,,,,,,
知識點(KnowledgePoint),,時刻與時間量的減法（有退位）,國小(Elementary school),數學(Math),,量,x,時間的加減,,,,,,,,,,,,,,,,,
知識點(KnowledgePoint),,奇數和偶數的相加和相乘關係,國小(Elementary school),數學(Math),,關係與代數,x,邏輯關係,,,,,,,,,,,,,,,,,
知識點(KnowledgePoint),,奇數和奇數的相加和相減關係,國小(Elementary school),數學(Math),,關係與代數,x,邏輯關係,,,,,,,,,,,,,,,,,
知識點(KnowledgePoint),,以文字表示數學公式,國小(Elementary school),數學(Math),,關係與代數,x,代數,,,,,,,,,,,,,,,,,
知識點(KnowledgePoint),,認識三位小數,國小(Elementary school),數學(Math),,數,x,認識三位小數,,,,,,,,,,,,,,,,,
知識點(KnowledgePoint),,報讀含有省略符號的複雜長條圖,國小(Elementary school),數學(Math),,資料與不確定性,x,報讀統計圖表,,,,,,,,,,,,,,,,,
知識點(KnowledgePoint),,報讀含有省略符號的複雜折線圖,國小(Elementary school),數學(Math),,資料與不確定性,x,報讀統計圖表,,,,,,,,,,,,,,,,,
知識點(KnowledgePoint),,報讀長條圖和折線圖同時呈現的統計圖,國小(Elementary school),數學(Math),,資料與不確定性,x,報讀統計圖表,,,,,,,,,,,,,,,,,
知識點(KnowledgePoint),,繪製複雜折線圖,國小(Elementary school),數學(Math),,資料與不確定性,x,繪製統計圖,,,,,,,,,,,,,,,,,
知識點(KnowledgePoint),,三位小數加法,國小(Elementary school),數學(Math),,計算,x,三位小數加法,,,,,,,,,,,,,,,,,
知識點(KnowledgePoint),,多位小數加法,國小(Elementary school),數學(Math),,計算,x,多位小數加法,,,,,,,,,,,,,,,,,
知識點(KnowledgePoint),,三位小數減法,國小(Elementary school),數學(Math),,計算,x,三位小數減法,,,,,,,,,,,,,,,,,
知識點(KnowledgePoint),,多位小數減法,國小(Elementary school),數學(Math),,計算,x,多位小數減法,,,,,,,,,,,,,,,,,
知識點(KnowledgePoint),,小數取概數,國小(Elementary school),數學(Math),,數,x,概數,,,,,,,,,,,,,,,,,
知識點(KnowledgePoint),,認識一兆以上的數,國小(Elementary school),數學(Math),,數,x,一億以上的數,,,,,,,,,,,,,,,,,
知識點(KnowledgePoint),,以萬、億、兆為單位的加法,國小(Elementary school),數學(Math),,計算,x,多位數的加法,,,,,,,,,,,,,,,,,
知識點(KnowledgePoint),,以萬、億、兆為單位的減法,國小(Elementary school),數學(Math),,計算,x,多位數的減法,,,,,,,,,,,,,,,,,
知識點(KnowledgePoint),,熟悉十進位系統解決末位有零的除法,國小(Elementary school),數學(Math),,計算,x,多位數的除法(計算到個位),,,,,,,,,,,,,,,,,
知識點(KnowledgePoint),,整除,國小(Elementary school),數學(Math),,數,x,因數和倍數,,,,,,,,,,,,,,,,,
知識點(KnowledgePoint),,因數,國小(Elementary school),數學(Math),,數,x,因數和倍數,,,,,,,,,,,,,,,,,
知識點(KnowledgePoint),,因數和倍數的關係,國小(Elementary school),數學(Math),,數,x,因數和倍數,,,,,,,,,,,,,,,,,
知識點(KnowledgePoint),,有特定範圍的因數應用,國小(Elementary school),數學(Math),,數,x,因數和倍數,,,,,,,,,,,,,,,,,
知識點(KnowledgePoint),,有特定範圍的倍數應用,國小(Elementary school),數學(Math),,數,x,因數和倍數,,,,,,,,,,,,,,,,,
知識點(KnowledgePoint),,倍數,國小(Elementary school),數學(Math),,數,x,因數和倍數,,,,,,,,,,,,,,,,,
知識點(KnowledgePoint),,三角形兩邊長的和大於第三邊,國小(Elementary school),數學(Math),,形,x,三角形的構成要素,,,,,,,,,,,,,,,,,
知識點(KnowledgePoint),,2、3、5……的倍數判別,國小(Elementary school),數學(Math),,數,x,因數和倍數,,,,,,,,,,,,,,,,,
知識點(KnowledgePoint),,三角形內角和及應用,國小(Elementary school),數學(Math),,形,x,三角形的構成要素,,,,,,,,,,,,,,,,,
知識點(KnowledgePoint),,多邊形內角和及應用,國小(Elementary school),數學(Math),,形,x,多邊形,,,,,,,,,,,,,,,,,
知識點(KnowledgePoint),,公倍數,國小(Elementary school),數學(Math),,數,x,因數和倍數,,,,,,,,,,,,,,,,,
知識點(KnowledgePoint),,認識最小公倍數,國小(Elementary school),數學(Math),,數,x,因數和倍數,,,,,,,,,,,,,,,,,
知識點(KnowledgePoint),,公因數,國小(Elementary school),數學(Math),,數,x,因數和倍數,,,,,,,,,,,,,,,,,
知識點(KnowledgePoint),,認識最大公因數,國小(Elementary school),數學(Math),,數,x,因數和倍數,,,,,,,,,,,,,,,,,
知識點(KnowledgePoint),,異分母分數的大小比較（沒有數線或圖形輔助）,國小(Elementary school),數學(Math),,數,x,等值分數和擴分、約分、通分,,,,,,,,,,,,,,,,,
知識點(KnowledgePoint),,通分,國小(Elementary school),數學(Math),,數,x,等值分數和擴分、約分、通分,,,,,,,,,,,,,,,,,
知識點(KnowledgePoint),,公因數和公倍數的應用,國小(Elementary school),數學(Math),,數,x,因數和倍數,,,,,,,,,,,,,,,,,
知識點(KnowledgePoint),,認識多邊形,國小(Elementary school),數學(Math),,形,x,多邊形,,,,,,,,,,,,,,,,,
知識點(KnowledgePoint),,認識正多邊形,國小(Elementary school),數學(Math),,形,x,多邊形,,,,,,,,,,,,,,,,,
知識點(KnowledgePoint),,角柱的展開圖,國小(Elementary school),數學(Math),,形,x,角柱,,,,,,,,,,,,,,,,,
知識點(KnowledgePoint),,錐體的命名,國小(Elementary school),數學(Math),,形,x,認識柱體和錐體,,,,,,,,,,,,,,,,,
知識點(KnowledgePoint),,角柱的各部位名稱,國小(Elementary school),數學(Math),,形,x,認識柱體和錐體,,,,,,,,,,,,,,,,,
知識點(KnowledgePoint),,圓柱的各部位名稱,國小(Elementary school),數學(Math),,形,x,認識柱體和錐體,,,,,,,,,,,,,,,,,
知識點(KnowledgePoint),,柱體的透視圖,國小(Elementary school),數學(Math),,形,x,認識柱體和錐體,,,,,,,,,,,,,,,,,
知識點(KnowledgePoint),,求多邊形其中一內角,國小(Elementary school),數學(Math),,形,x,多邊形,,,,,,,,,,,,,,,,,
知識點(KnowledgePoint),,角錐的展開圖,國小(Elementary school),數學(Math),,形,x,角錐,,,,,,,,,,,,,,,,,
知識點(KnowledgePoint),,角錐的各部位名稱,國小(Elementary school),數學(Math),,形,x,認識柱體和錐體,,,,,,,,,,,,,,,,,
知識點(KnowledgePoint),,錐體的透視圖,國小(Elementary school),數學(Math),,形,x,認識柱體和錐體,,,,,,,,,,,,,,,,,
知識點(KnowledgePoint),,幾分之幾圓的扇形,國小(Elementary school),數學(Math),,形,x,認識扇形,,,,,,,,,,,,,,,,,
知識點(KnowledgePoint),,扇形的構成要素,國小(Elementary school),數學(Math),,形,x,認識扇形,,,,,,,,,,,,,,,,,
知識點(KnowledgePoint),,認識圓心角,國小(Elementary school),數學(Math),,形,x,認識扇形,,,,,,,,,,,,,,,,,
知識點(KnowledgePoint),,認識球體,國小(Elementary school),數學(Math),,形,x,球,,,,,,,,,,,,,,,,,
知識點(KnowledgePoint),,異分母分數的加法,國小(Elementary school),數學(Math),,計算,x,異分母分數加法,,,,,,,,,,,,,,,,,
知識點(KnowledgePoint),,解決四則混合多步驟問題,國小(Elementary school),數學(Math),,關係與代數,x,四則計算規律,,,,,,,,,,,,,,,,,
知識點(KnowledgePoint),,乘法對加法的分配律之簡化計算,國小(Elementary school),數學(Math),,關係與代數,x,四則計算規律,,,,,,,,,,,,,,,,,
知識點(KnowledgePoint),,乘法對減法的分配律之簡化計算,國小(Elementary school),數學(Math),,關係與代數,x,四則計算規律,,,,,,,,,,,,,,,,,
知識點(KnowledgePoint),,用分數表示整數相除的結果（並做分數計算）,國小(Elementary school),數學(Math),,數,x,真分數、假分數和帶分數,,,,,,,,,,,,,,,,,
知識點(KnowledgePoint),,認識常見的多邊形對稱性質,國小(Elementary school),數學(Math),,形,x,線對稱圖形,,,,,,,,,,,,,,,,,
知識點(KnowledgePoint),,擴分,國小(Elementary school),數學(Math),,數,x,等值分數和擴分、約分、通分,,,,,,,,,,,,,,,,,
知識點(KnowledgePoint),,約分,國小(Elementary school),數學(Math),,數,x,等值分數和擴分、約分、通分,,,,,,,,,,,,,,,,,
知識點(KnowledgePoint),,認識對稱點、對稱邊和對稱角,國小(Elementary school),數學(Math),,形,x,線對稱圖形,,,,,,,,,,,,,,,,,
知識點(KnowledgePoint),,解決連乘多步驟問題,國小(Elementary school),數學(Math),,關係與代數,x,四則計算規律,,,,,,,,,,,,,,,,,
知識點(KnowledgePoint),,解決連減多步驟問題,國小(Elementary school),數學(Math),,關係與代數,x,四則計算規律,,,,,,,,,,,,,,,,,
知識點(KnowledgePoint),,解決連除多步驟問題,國小(Elementary school),數學(Math),,關係與代數,x,四則計算規律,,,,,,,,,,,,,,,,,
知識點(KnowledgePoint),,平均問題,國小(Elementary school),數學(Math),,關係與代數,x,綜合問題,,,,,,,,,,,,,,,,,
知識點(KnowledgePoint),,異分母分數的減法,國小(Elementary school),數學(Math),,計算,x,異分母分數減法,,,,,,,,,,,,,,,,,
知識點(KnowledgePoint),,將算式中的數拆成末位有0的數和另一個數,國小(Elementary school),數學(Math),,關係與代數,x,簡化計算,,,,,,,,,,,,,,,,,
知識點(KnowledgePoint),,連除兩數等於除以兩數之積,國小(Elementary school),數學(Math),,關係與代數,x,四則計算規律,,,,,,,,,,,,,,,,,
知識點(KnowledgePoint),,連除兩數的順序交換結果不變,國小(Elementary school),數學(Math),,關係與代數,x,四則計算規律,,,,,,,,,,,,,,,,,
知識點(KnowledgePoint),,平行四邊形的高,國小(Elementary school),數學(Math),,量,x,平行四邊形的面積,,,,,,,,,,,,,,,,,
知識點(KnowledgePoint),,解決連加多步驟問題,國小(Elementary school),數學(Math),,關係與代數,x,四則計算規律,,,,,,,,,,,,,,,,,
知識點(KnowledgePoint),,三角形底、高和面積的三者關係,國小(Elementary school),數學(Math),,量,x,三角形的面積,,,,,,,,,,,,,,,,,
知識點(KnowledgePoint),,三角形的高,國小(Elementary school),數學(Math),,量,x,三角形的面積,,,,,,,,,,,,,,,,,
知識點(KnowledgePoint),,梯形上下底和、高與面積的三者間的關係,國小(Elementary school),數學(Math),,量,x,梯形的面積,,,,,,,,,,,,,,,,,
知識點(KnowledgePoint),,認識梯形面積公式,國小(Elementary school),數學(Math),,量,x,梯形的面積,,,,,,,,,,,,,,,,,
知識點(KnowledgePoint),,對角線互向垂直的四邊形面積公式,國小(Elementary school),數學(Math),,量,x,複合圖形面積,,,,,,,,,,,,,,,,,
知識點(KnowledgePoint),,平行四邊形底、高和面積的三者間的關係,國小(Elementary school),數學(Math),,量,x,平行四邊形的面積,,,,,,,,,,,,,,,,,
知識點(KnowledgePoint),,認識平行四邊形公式,國小(Elementary school),數學(Math),,量,x,平行四邊形的面積,,,,,,,,,,,,,,,,,
知識點(KnowledgePoint),,時和分的乘法,國小(Elementary school),數學(Math),,量,x,時間的乘除,,,,,,,,,,,,,,,,,
知識點(KnowledgePoint),,認識三角形面積公式,國小(Elementary school),數學(Math),,量,x,三角形的面積,,,,,,,,,,,,,,,,,
知識點(KnowledgePoint),,日和時的除法,國小(Elementary school),數學(Math),,量,x,時間的乘除,,,,,,,,,,,,,,,,,
知識點(KnowledgePoint),,時和分的除法,國小(Elementary school),數學(Math),,量,x,時間的乘除,,,,,,,,,,,,,,,,,
知識點(KnowledgePoint),,整數乘以幾分之一,國小(Elementary school),數學(Math),,計算,x,整數乘以分數,,,,,,,,,,,,,,,,,
知識點(KnowledgePoint),,梯形的高,國小(Elementary school),數學(Math),,量,x,梯形的面積,,,,,,,,,,,,,,,,,
知識點(KnowledgePoint),,時間的四則或多步驟計算,國小(Elementary school),數學(Math),,量,x,時間的乘除,,,,,,,,,,,,,,,,,
知識點(KnowledgePoint),,三角形、長方形、平行四邊形和梯形的複合圖形面積,國小(Elementary school),數學(Math),,量,x,複合圖形面積,,,,,,,,,,,,,,,,,
知識點(KnowledgePoint),,立體形體的分類,國小(Elementary school),數學(Math),,形,x,認識柱體和錐體,,,,,,,,,,,,,,,,,
知識點(KnowledgePoint),,圓錐的各部位名稱,國小(Elementary school),數學(Math),,形,x,認識柱體和錐體,,,,,,,,,,,,,,,,,
知識點(KnowledgePoint),,認識視圖和透視圖,國小(Elementary school),數學(Math),,形,x,長方體和正方體,,,,,,,,,,,,,,,,,
知識點(KnowledgePoint),,角柱的構成要素,國小(Elementary school),數學(Math),,形,x,角柱,,,,,,,,,,,,,,,,,
知識點(KnowledgePoint),,長方體和正方體邊和邊的關係,國小(Elementary school),數學(Math),,形,x,長方體和正方體,,,,,,,,,,,,,,,,,
知識點(KnowledgePoint),,角柱面和面的關係,國小(Elementary school),數學(Math),,形,x,角柱,,,,,,,,,,,,,,,,,
知識點(KnowledgePoint),,長方體和正方體面和面的關係,國小(Elementary school),數學(Math),,形,x,長方體和正方體,,,,,,,,,,,,,,,,,
知識點(KnowledgePoint),,長方體和正方體邊和面的關係,國小(Elementary school),數學(Math),,形,x,長方體和正方體,,,,,,,,,,,,,,,,,
知識點(KnowledgePoint),,圓柱的展開圖,國小(Elementary school),數學(Math),,形,x,圓柱,,,,,,,,,,,,,,,,,
知識點(KnowledgePoint),,圓錐的展開圖,國小(Elementary school),數學(Math),,形,x,圓錐,,,,,,,,,,,,,,,,,
知識點(KnowledgePoint),,正方體的展開圖,國小(Elementary school),數學(Math),,形,x,長方體和正方體,,,,,,,,,,,,,,,,,
知識點(KnowledgePoint),,長方體的展開圖,國小(Elementary school),數學(Math),,形,x,長方體和正方體,,,,,,,,,,,,,,,,,
知識點(KnowledgePoint),,長方體的表面積,國小(Elementary school),數學(Math),,量,x,表面積,,,,,,,,,,,,,,,,,
知識點(KnowledgePoint),,用分數表示整數相除的結果,國小(Elementary school),數學(Math),,數,x,真分數、假分數和帶分數,,,,,,,,,,,,,,,,,
知識點(KnowledgePoint),,正方體的體積公式,國小(Elementary school),數學(Math),,量,x,體積的計算,,,,,,,,,,,,,,,,,
知識點(KnowledgePoint),,長方體的體積公式,國小(Elementary school),數學(Math),,量,x,體積的計算,,,,,,,,,,,,,,,,,
知識點(KnowledgePoint),,用分數表示整數相除的結果（求得分數再乘以整數）,國小(Elementary school),數學(Math),,計算,x,分數乘以整數,,,,,,,,,,,,,,,,,
知識點(KnowledgePoint),,認識1立方公尺,國小(Elementary school),數學(Math),,量,x,體積的計算,,,,,,,,,,,,,,,,,
知識點(KnowledgePoint),,立方公尺與立方公分的關係和換算,國小(Elementary school),數學(Math),,量,x,體積的計算,,,,,,,,,,,,,,,,,
知識點(KnowledgePoint),,三位小數的大小比較,國小(Elementary school),數學(Math),,數,x,認識三位小數,,,,,,,,,,,,,,,,,
知識點(KnowledgePoint),,多位小數的大小比較,國小(Elementary school),數學(Math),,數,x,認識多位小數,,,,,,,,,,,,,,,,,
知識點(KnowledgePoint),,小數與量的換算（如：1500毫公升=0.15公升）,國小(Elementary school),數學(Math),,數,x,認識多位小數,,,,,,,,,,,,,,,,,
知識點(KnowledgePoint),,認識多位小數（三位以上）,國小(Elementary school),數學(Math),,數,x,認識多位小數,,,,,,,,,,,,,,,,,
知識點(KnowledgePoint),,公里和公尺的關係和換算（有小數點）,國小(Elementary school),數學(Math),,量,x,公里,,,,,,,,,,,,,,,,,
知識點(KnowledgePoint),,分數乘法中，被乘數、乘數和積的關係,國小(Elementary school),數學(Math),,計算,x,分數乘以分數,,,,,,,,,,,,,,,,,
知識點(KnowledgePoint),,解決分數的兩步驟問題（不併式）,國小(Elementary school),數學(Math),,計算,x,分數四則,,,,,,,,,,,,,,,,,
知識點(KnowledgePoint),,長方體或正方體構成的複合形體體積的計算,國小(Elementary school),數學(Math),,量,x,複合形體的體積,,,,,,,,,,,,,,,,,
知識點(KnowledgePoint),,熟悉十進位系統解決末位有零的乘法,國小(Elementary school),數學(Math),,計算,x,多位數的乘法,,,,,,,,,,,,,,,,,
知識點(KnowledgePoint),,三位小數乘以二位整數,國小(Elementary school),數學(Math),,計算,x,小數乘以整數,,,,,,,,,,,,,,,,,
知識點(KnowledgePoint),,整數乘以二位以上小數,國小(Elementary school),數學(Math),,計算,x,小數乘以小數,,,,,,,,,,,,,,,,,
知識點(KnowledgePoint),,三位小數乘以一位整數,國小(Elementary school),數學(Math),,計算,x,小數乘以整數,,,,,,,,,,,,,,,,,
知識點(KnowledgePoint),,四位以上小數乘以二位以上整數,國小(Elementary school),數學(Math),,計算,x,小數乘以整數,,,,,,,,,,,,,,,,,
知識點(KnowledgePoint),,四位以上小數乘以一位整數,國小(Elementary school),數學(Math),,計算,x,小數乘以整數,,,,,,,,,,,,,,,,,
知識點(KnowledgePoint),,整數乘以分數,國小(Elementary school),數學(Math),,計算,x,整數乘以分數,,,,,,,,,,,,,,,,,
知識點(KnowledgePoint),,整數乘以一位小數,國小(Elementary school),數學(Math),,計算,x,小數乘以小數,,,,,,,,,,,,,,,,,
知識點(KnowledgePoint),,整數乘以小數之小數點位置關係,國小(Elementary school),數學(Math),,計算,x,小數乘以整數,,,,,,,,,,,,,,,,,
知識點(KnowledgePoint),,分數乘以分數,國小(Elementary school),數學(Math),,計算,x,分數乘以分數,,,,,,,,,,,,,,,,,
知識點(KnowledgePoint),,小數乘以小數,國小(Elementary school),數學(Math),,計算,x,小數乘以小數,,,,,,,,,,,,,,,,,
知識點(KnowledgePoint),,分數除以整數,國小(Elementary school),數學(Math),,計算,x,分數除以整數,,,,,,,,,,,,,,,,,
知識點(KnowledgePoint),,認識容積及計算容器的容積,國小(Elementary school),數學(Math),,量,x,容積和容量,,,,,,,,,,,,,,,,,
知識點(KnowledgePoint),,扇形的比較及應用,國小(Elementary school),數學(Math),,形,x,認識扇形,,,,,,,,,,,,,,,,,
知識點(KnowledgePoint),,物體的體積與排水量,國小(Elementary school),數學(Math),,量,x,容積和容量,,,,,,,,,,,,,,,,,
知識點(KnowledgePoint),,容積、容量、液量和體積的關係和換算,國小(Elementary school),數學(Math),,量,x,容積和容量,,,,,,,,,,,,,,,,,
知識點(KnowledgePoint),,計算容器的容量,國小(Elementary school),數學(Math),,量,x,容積和容量,,,,,,,,,,,,,,,,,
知識點(KnowledgePoint),,計算有蓋或無蓋容器的容積或容量,國小(Elementary school),數學(Math),,量,x,容積和容量,,,,,,,,,,,,,,,,,
知識點(KnowledgePoint),,液體在容器內水面的高度,國小(Elementary school),數學(Math),,量,x,容積和容量,,,,,,,,,,,,,,,,,
知識點(KnowledgePoint),,繪製扇形,國小(Elementary school),數學(Math),,形,x,認識扇形,,,,,,,,,,,,,,,,,
知識點(KnowledgePoint),,公秉的換算,國小(Elementary school),數學(Math),,量,x,認識公秉,,,,,,,,,,,,,,,,,
知識點(KnowledgePoint),,小數乘法中，被乘數、乘數和積的關係,國小(Elementary school),數學(Math),,計算,x,小數乘以小數,,,,,,,,,,,,,,,,,
知識點(KnowledgePoint),,整數除以整數，商為小數,國小(Elementary school),數學(Math),,計算,x,整數除以整數，商為小數（無餘數）,,,,,,,,,,,,,,,,,
知識點(KnowledgePoint),,小數除以一位整數,國小(Elementary school),數學(Math),,計算,x,整數除以整數，商為小數（無餘數）,,,,,,,,,,,,,,,,,
知識點(KnowledgePoint),,小數除以二位以上整數,國小(Elementary school),數學(Math),,計算,x,整數除以整數，商為小數（無餘數）,,,,,,,,,,,,,,,,,
知識點(KnowledgePoint),,小數除以整數之小數點位置關係,國小(Elementary school),數學(Math),,計算,x,整數除以整數，商為小數（無餘數）,,,,,,,,,,,,,,,,,
知識點(KnowledgePoint),,數的十進結構,國小(Elementary school),數學(Math),,數,x,一億以上的數,,,,,,,,,,,,,,,,,
知識點(KnowledgePoint),,認識一兆以內的數,國小(Elementary school),數學(Math),,數,x,一億以上的數,,,,,,,,,,,,,,,,,
知識點(KnowledgePoint),,公噸和公斤的換算,國小(Elementary school),數學(Math),,量,x,認識公噸,,,,,,,,,,,,,,,,,
知識點(KnowledgePoint),,公畝與平方公尺的換算,國小(Elementary school),數學(Math),,量,x,公畝、公頃和平方公里,,,,,,,,,,,,,,,,,
知識點(KnowledgePoint),,公頃與公畝、平方公尺的換算,國小(Elementary school),數學(Math),,量,x,公畝、公頃和平方公里,,,,,,,,,,,,,,,,,
知識點(KnowledgePoint),,平方公里與公頃、公畝、平方公尺的換算,國小(Elementary school),數學(Math),,量,x,公畝、公頃和平方公里,,,,,,,,,,,,,,,,,
知識點(KnowledgePoint),,分數換小數,國小(Elementary school),數學(Math),,數,x,分數和小數的互換,,,,,,,,,,,,,,,,,
知識點(KnowledgePoint),,小數換分數,國小(Elementary school),數學(Math),,數,x,分數和小數的互換,,,,,,,,,,,,,,,,,
知識點(KnowledgePoint),,分和秒的乘法,國小(Elementary school),數學(Math),,量,x,時間的乘除,,,,,,,,,,,,,,,,,
知識點(KnowledgePoint),,日和時的乘法,國小(Elementary school),數學(Math),,量,x,時間的乘除,,,,,,,,,,,,,,,,,
知識點(KnowledgePoint),,分和秒的除法,國小(Elementary school),數學(Math),,量,x,時間的乘除,,,,,,,,,,,,,,,,,
知識點(KnowledgePoint),,分辨柱體和錐體,國小(Elementary school),數學(Math),,形,x,認識柱體和錐體,,,,,,,,,,,,,,,,,
知識點(KnowledgePoint),,分辨角柱和圓柱,國小(Elementary school),數學(Math),,形,x,認識柱體和錐體,,,,,,,,,,,,,,,,,
知識點(KnowledgePoint),,分辨角錐和圓錐,國小(Elementary school),數學(Math),,形,x,認識柱體和錐體,,,,,,,,,,,,,,,,,
知識點(KnowledgePoint),,圓柱的構成要素,國小(Elementary school),數學(Math),,形,x,圓柱,,,,,,,,,,,,,,,,,
知識點(KnowledgePoint),,圓錐的構成要素,國小(Elementary school),數學(Math),,形,x,圓錐,,,,,,,,,,,,,,,,,
知識點(KnowledgePoint),,柱體的命名,國小(Elementary school),數學(Math),,形,x,認識柱體和錐體,,,,,,,,,,,,,,,,,
知識點(KnowledgePoint),,正方體的表面積,國小(Elementary school),數學(Math),,量,x,表面積,,,,,,,,,,,,,,,,,
知識點(KnowledgePoint),,認識立體的邊、面和頂點,國小(Elementary school),數學(Math),,形,x,認識立體的邊、面和頂點,,,,,,,,,,,,,,,,,
知識點(KnowledgePoint),,正方體和長方體的構成要素,國小(Elementary school),數學(Math),,形,x,長方體和正方體,,,,,,,,,,,,,,,,,
知識點(KnowledgePoint),,角錐的構成要素,國小(Elementary school),數學(Math),,形,x,角錐,,,,,,,,,,,,,,,,,
知識點(KnowledgePoint),,認識正四面體,國小(Elementary school),數學(Math),,形,x,認識正多面體,,,,,,,,,,,,,,,,,
知識點(KnowledgePoint),,複合形體的表面積,國小(Elementary school),數學(Math),,量,x,表面積,,,,,,,,,,,,,,,,,
知識點(KnowledgePoint),,角錐面和面的關係,國小(Elementary school),數學(Math),,形,x,角錐,,,,,,,,,,,,,,,,,
知識點(KnowledgePoint),,認識比率,國小(Elementary school),數學(Math),,數,x,比率和百分率,,,,,,,,,,,,,,,,,
知識點(KnowledgePoint),,認識百分率（如：投資報酬率、銀行存款利率）,國小(Elementary school),數學(Math),,數,x,比率和百分率,,,,,,,,,,,,,,,,,
知識點(KnowledgePoint),,分數和百分率的轉換,國小(Elementary school),數學(Math),,數,x,比率和百分率,,,,,,,,,,,,,,,,,
知識點(KnowledgePoint),,小數和百分率的轉換,國小(Elementary school),數學(Math),,數,x,比率和百分率,,,,,,,,,,,,,,,,,
知識點(KnowledgePoint),,百分率的應用（如：加成、打折、濃度問題）,國小(Elementary school),數學(Math),,數,x,比率和百分率,,,,,,,,,,,,,,,,,
知識點(KnowledgePoint),,時間除以時間,國小(Elementary school),數學(Math),,量,x,時間的乘除,,,,,,,,,,,,,,,,,
知識點(KnowledgePoint),,報讀複雜折線圖,國小(Elementary school),數學(Math),,資料與不確定性,x,報讀統計圖表,,,,,,,,,,,,,,,,,
知識點(KnowledgePoint),,報讀複雜長條圖（資料圖上下疊）,國小(Elementary school),數學(Math),,資料與不確定性,x,報讀統計圖表,,,,,,,,,,,,,,,,,
知識點(KnowledgePoint),,繪製或製作線對稱圖形,國小(Elementary school),數學(Math),,形,x,線對稱圖形,,,,,,,,,,,,,,,,,
知識點(KnowledgePoint),,認識線對稱圖形和對稱軸,國小(Elementary school),數學(Math),,形,x,線對稱圖形,,,,,,,,,,,,,,,,,
知識點(KnowledgePoint),,繪製折線圖,國小(Elementary school),數學(Math),,資料與不確定性,x,繪製統計圖,,,,,,,,,,,,,,,,,
知識點(KnowledgePoint),,繪製複雜長條圖,國小(Elementary school),數學(Math),,資料與不確定性,x,繪製統計圖,,,,,,,,,,,,,,,,,
知識點(KnowledgePoint),,時間單位換算（分數和小數）,國小(Elementary school),數學(Math),,量,x,時間的換算,,,,,,,,,,,,,,,,,
知識點(KnowledgePoint),,以符號表示數學公式,國小(Elementary school),數學(Math),,關係與代數,x,代數,,,,,,,,,,,,,,,,,
知識點(KnowledgePoint),,質數和合數,國小(Elementary school),數學(Math),,數,x,因數和倍數,,,,,,,,,,,,,,,,,
知識點(KnowledgePoint),,質因數,國小(Elementary school),數學(Math),,數,x,因數和倍數,,,,,,,,,,,,,,,,,
知識點(KnowledgePoint),,質因數分解,國小(Elementary school),數學(Math),,數,x,因數和倍數,,,,,,,,,,,,,,,,,
知識點(KnowledgePoint),,互質,國小(Elementary school),數學(Math),,數,x,因數和倍數,,,,,,,,,,,,,,,,,
知識點(KnowledgePoint),,用短除法求最大公因數,國小(Elementary school),數學(Math),,數,x,因數和倍數,,,,,,,,,,,,,,,,,
知識點(KnowledgePoint),,用短除法求最小公倍數,國小(Elementary school),數學(Math),,數,x,因數和倍數,,,,,,,,,,,,,,,,,
知識點(KnowledgePoint),,最簡分數,國小(Elementary school),數學(Math),,數,x,等值分數和擴分、約分、通分,,,,,,,,,,,,,,,,,
知識點(KnowledgePoint),,分數除以分數（異分母分數）,國小(Elementary school),數學(Math),,計算,x,分數除法,,,,,,,,,,,,,,,,,
知識點(KnowledgePoint),,整數除以分數,國小(Elementary school),數學(Math),,計算,x,整數除以分數,,,,,,,,,,,,,,,,,
知識點(KnowledgePoint),,利用分數除法求全量或單位量（由題意決定）,國小(Elementary school),數學(Math),,計算,x,分數除法,,,,,,,,,,,,,,,,,
知識點(KnowledgePoint),,分數除以分數（同分母分數）,國小(Elementary school),數學(Math),,計算,x,分數除法,,,,,,,,,,,,,,,,,
知識點(KnowledgePoint),,分數除法中，被除數、除數和商的關係,國小(Elementary school),數學(Math),,計算,x,分數除法,,,,,,,,,,,,,,,,,
知識點(KnowledgePoint),,小數除以二位以上小數（無餘數）,國小(Elementary school),數學(Math),,計算,x,整數或小數除以小數,,,,,,,,,,,,,,,,,
知識點(KnowledgePoint),,整數除以一位小數（無餘數）,國小(Elementary school),數學(Math),,計算,x,整數或小數除以小數,,,,,,,,,,,,,,,,,
知識點(KnowledgePoint),,整數除以二位以上小數（無餘數）,國小(Elementary school),數學(Math),,計算,x,整數或小數除以小數,,,,,,,,,,,,,,,,,
知識點(KnowledgePoint),,小數除以一位小數（無餘數）,國小(Elementary school),數學(Math),,計算,x,整數或小數除以小數,,,,,,,,,,,,,,,,,
知識點(KnowledgePoint),,解決較複雜的規律模式(植樹問題、座位問題、火柴棒問題…),國小(Elementary school),數學(Math),,關係與代數,x,數量關係,,,,,,,,,,,,,,,,,
知識點(KnowledgePoint),,差不變,國小(Elementary school),數學(Math),,關係與代數,x,代數,,,,,,,,,,,,,,,,,
知識點(KnowledgePoint),,小數除法中，被除數、除數和商的關係,國小(Elementary school),數學(Math),,計算,x,整數或小數除以小數,,,,,,,,,,,,,,,,,
知識點(KnowledgePoint),,較複雜的計數(加法原理),國小(Elementary school),數學(Math),,關係與代數,x,排列組合,,,,,,,,,,,,,,,,,
知識點(KnowledgePoint),,商不變,國小(Elementary school),數學(Math),,關係與代數,x,代數,,,,,,,,,,,,,,,,,
知識點(KnowledgePoint),,小數除法概算（先算再取概數）,國小(Elementary school),數學(Math),,計算,x,除法估算（概算）,,,,,,,,,,,,,,,,,
知識點(KnowledgePoint),,積不變,國小(Elementary school),數學(Math),,關係與代數,x,代數,,,,,,,,,,,,,,,,,
知識點(KnowledgePoint),,比的應用,國小(Elementary school),數學(Math),,數,x,比和比值,,,,,,,,,,,,,,,,,
知識點(KnowledgePoint),,最簡單整數比,國小(Elementary school),數學(Math),,數,x,比和比值,,,,,,,,,,,,,,,,,
知識點(KnowledgePoint),,比值,國小(Elementary school),數學(Math),,數,x,比和比值,,,,,,,,,,,,,,,,,
知識點(KnowledgePoint),,利用小數除法求全量或單位量（由題意決定）,國小(Elementary school),數學(Math),,計算,x,整數或小數除以小數,,,,,,,,,,,,,,,,,
知識點(KnowledgePoint),,比,國小(Elementary school),數學(Math),,數,x,比和比值,,,,,,,,,,,,,,,,,
知識點(KnowledgePoint),,扇形周長,國小(Elementary school),數學(Math),,量,x,扇形面積和周長,,,,,,,,,,,,,,,,,
知識點(KnowledgePoint),,扇形弧長,國小(Elementary school),數學(Math),,量,x,扇形面積和周長,,,,,,,,,,,,,,,,,
知識點(KnowledgePoint),,相等的比,國小(Elementary school),數學(Math),,數,x,比和比值,,,,,,,,,,,,,,,,,
知識點(KnowledgePoint),,正比的應用（比例式）,國小(Elementary school),數學(Math),,數,x,正比,,,,,,,,,,,,,,,,,
知識點(KnowledgePoint),,求基準量,國小(Elementary school),數學(Math),,數,x,基準量和比較量,,,,,,,,,,,,,,,,,
知識點(KnowledgePoint),,求比較量,國小(Elementary school),數學(Math),,數,x,基準量和比較量,,,,,,,,,,,,,,,,,
知識點(KnowledgePoint),,利用扇形周長（圓周長）求面積,國小(Elementary school),數學(Math),,量,x,扇形面積和周長,,,,,,,,,,,,,,,,,
知識點(KnowledgePoint),,扇形的面積計算,國小(Elementary school),數學(Math),,量,x,扇形面積和周長,,,,,,,,,,,,,,,,,
知識點(KnowledgePoint),,兩量的和（母子和）,國小(Elementary school),數學(Math),,數,x,基準量和比較量,,,,,,,,,,,,,,,,,
知識點(KnowledgePoint),,兩量的差（母子差）,國小(Elementary school),數學(Math),,數,x,基準量和比較量,,,,,,,,,,,,,,,,,
知識點(KnowledgePoint),,由圓周長求直徑和半徑,國小(Elementary school),數學(Math),,量,x,圓周長,,,,,,,,,,,,,,,,,
知識點(KnowledgePoint),,扇形的複合圖形面積,國小(Elementary school),數學(Math),,量,x,複合圖形面積,,,,,,,,,,,,,,,,,
知識點(KnowledgePoint),,認識基準量、比較量和比值，及求比值,國小(Elementary school),數學(Math),,數,x,基準量和比較量,,,,,,,,,,,,,,,,,
知識點(KnowledgePoint),,由兩量差（母子差）求基準量,國小(Elementary school),數學(Math),,數,x,基準量和比較量,,,,,,,,,,,,,,,,,
知識點(KnowledgePoint),,認識及測量直徑和圓周長,國小(Elementary school),數學(Math),,量,x,圓周長,,,,,,,,,,,,,,,,,
知識點(KnowledgePoint),,認識圓周率,國小(Elementary school),數學(Math),,量,x,圓周長,,,,,,,,,,,,,,,,,
知識點(KnowledgePoint),,認識圓面積公式,國小(Elementary school),數學(Math),,量,x,圓面積,,,,,,,,,,,,,,,,,
知識點(KnowledgePoint),,速率的換算,國小(Elementary school),數學(Math),,量,x,速率,,,,,,,,,,,,,,,,,
知識點(KnowledgePoint),,時間、速率和距離的關係,國小(Elementary school),數學(Math),,量,x,速率,,,,,,,,,,,,,,,,,
知識點(KnowledgePoint),,認識速率,國小(Elementary school),數學(Math),,量,x,速率,,,,,,,,,,,,,,,,,
知識點(KnowledgePoint),,速率的快慢比較,國小(Elementary school),數學(Math),,量,x,速率,,,,,,,,,,,,,,,,,
知識點(KnowledgePoint),,速率的應用,國小(Elementary school),數學(Math),,量,x,速率,,,,,,,,,,,,,,,,,
知識點(KnowledgePoint),,與圓相關的複合圖形的周長,國小(Elementary school),數學(Math),,量,x,扇形面積和周長,,,,,,,,,,,,,,,,,
知識點(KnowledgePoint),,認識縮圖和放大圖,國小(Elementary school),數學(Math),,形,x,縮圖和比例尺,,,,,,,,,,,,,,,,,
知識點(KnowledgePoint),,認識比例尺,國小(Elementary school),數學(Math),,形,x,縮圖和比例尺,,,,,,,,,,,,,,,,,
知識點(KnowledgePoint),,較複雜的計數(乘法原理),國小(Elementary school),數學(Math),,關係與代數,x,排列組合,,,,,,,,,,,,,,,,,
知識點(KnowledgePoint),,較複雜的計數(混合型),國小(Elementary school),數學(Math),,關係與代數,x,排列組合,,,,,,,,,,,,,,,,,
知識點(KnowledgePoint),,年齡問題,國小(Elementary school),數學(Math),,關係與代數,x,數量關係,,,,,,,,,,,,,,,,,
知識點(KnowledgePoint),,和不變,國小(Elementary school),數學(Math),,關係與代數,x,代數,,,,,,,,,,,,,,,,,
知識點(KnowledgePoint),,和差問題,國小(Elementary school),數學(Math),,關係與代數,x,數量關係,,,,,,,,,,,,,,,,,
知識點(KnowledgePoint),,認識相似圖形的對應點、對應角和對應邊,國小(Elementary school),數學(Math),,形,x,縮圖和比例尺,,,,,,,,,,,,,,,,,
知識點(KnowledgePoint),,相似圖形的縮放率與面積的倍率關係,國小(Elementary school),數學(Math),,形,x,縮圖和比例尺,,,,,,,,,,,,,,,,,
知識點(KnowledgePoint),,解決分數的連減,國小(Elementary school),數學(Math),,計算,x,分數四則,,,,,,,,,,,,,,,,,
知識點(KnowledgePoint),,解決小數「有括號」的四則混合,國小(Elementary school),數學(Math),,計算,x,小數四則,,,,,,,,,,,,,,,,,
知識點(KnowledgePoint),,解決小數的乘除混合,國小(Elementary school),數學(Math),,計算,x,小數四則,,,,,,,,,,,,,,,,,
知識點(KnowledgePoint),,解決小數的加減混合,國小(Elementary school),數學(Math),,計算,x,小數四則,,,,,,,,,,,,,,,,,
知識點(KnowledgePoint),,解決小數的四則混合,國小(Elementary school),數學(Math),,計算,x,小數四則,,,,,,,,,,,,,,,,,
知識點(KnowledgePoint),,解決小數的連乘,國小(Elementary school),數學(Math),,計算,x,小數四則,,,,,,,,,,,,,,,,,
知識點(KnowledgePoint),,解決小數的連加,國小(Elementary school),數學(Math),,計算,x,小數四則,,,,,,,,,,,,,,,,,
知識點(KnowledgePoint),,解決小數的連減,國小(Elementary school),數學(Math),,計算,x,小數四則,,,,,,,,,,,,,,,,,
知識點(KnowledgePoint),,解決小數的連除,國小(Elementary school),數學(Math),,計算,x,小數四則,,,,,,,,,,,,,,,,,
知識點(KnowledgePoint),,解決分數「有括號」的四則混合,國小(Elementary school),數學(Math),,計算,x,分數四則,,,,,,,,,,,,,,,,,
知識點(KnowledgePoint),,解決分數的乘除混合,國小(Elementary school),數學(Math),,計算,x,分數四則,,,,,,,,,,,,,,,,,
知識點(KnowledgePoint),,解決分數的連乘,國小(Elementary school),數學(Math),,計算,x,分數四則,,,,,,,,,,,,,,,,,
知識點(KnowledgePoint),,解決分數的連加,國小(Elementary school),數學(Math),,計算,x,分數四則,,,,,,,,,,,,,,,,,
知識點(KnowledgePoint),,解決分數的連除,國小(Elementary school),數學(Math),,計算,x,分數四則,,,,,,,,,,,,,,,,,
知識點(KnowledgePoint),,解決分數和小數的四則混合,國小(Elementary school),數學(Math),,計算,x,整數、分數和小數四則混合計算,,,,,,,,,,,,,,,,,
知識點(KnowledgePoint),,利用約分和巧算解決分數和小數的四則混合,國小(Elementary school),數學(Math),,關係與代數,x,簡化計算,,,,,,,,,,,,,,,,,
知識點(KnowledgePoint),,解決分數的加減混合,國小(Elementary school),數學(Math),,計算,x,分數四則,,,,,,,,,,,,,,,,,
知識點(KnowledgePoint),,解決分數的四則混合,國小(Elementary school),數學(Math),,計算,x,分數四則,,,,,,,,,,,,,,,,,
知識點(KnowledgePoint),,柱體的體積公式,國小(Elementary school),數學(Math),,量,x,柱體的體積,,,,,,,,,,,,,,,,,
知識點(KnowledgePoint),,認識圓周率及圓周長公式,國小(Elementary school),數學(Math),,量,x,圓周長,,,,,,,,,,,,,,,,,
知識點(KnowledgePoint),,估算曲線邊的圖形面積,國小(Elementary school),數學(Math),,量,x,圓面積,,,,,,,,,,,,,,,,,
知識點(KnowledgePoint),,有圓柱、三角柱等複合形體體積的計算,國小(Elementary school),數學(Math),,量,x,複合形體的體積,,,,,,,,,,,,,,,,,
知識點(KnowledgePoint),,中空柱體或中空容器的體積計算,國小(Elementary school),數學(Math),,量,x,複合形體的體積,,,,,,,,,,,,,,,,,
知識點(KnowledgePoint),,圓面積的應用,國小(Elementary school),數學(Math),,量,x,圓面積,,,,,,,,,,,,,,,,,
知識點(KnowledgePoint),,圓心角和扇形弧長的關係,國小(Elementary school),數學(Math),,量,x,扇形面積和周長,,,,,,,,,,,,,,,,,
知識點(KnowledgePoint),,圓心角和扇形面積的關係,國小(Elementary school),數學(Math),,量,x,扇形面積和周長,,,,,,,,,,,,,,,,,
知識點(KnowledgePoint),,圓柱的表面積,國小(Elementary school),數學(Math),,量,x,表面積,,,,,,,,,,,,,,,,,
知識點(KnowledgePoint),,角柱的表面積,國小(Elementary school),數學(Math),,量,x,表面積,,,,,,,,,,,,,,,,,
知識點(KnowledgePoint),,流水問題,國小(Elementary school),數學(Math),,量,x,速率,,,,,,,,,,,,,,,,,
知識點(KnowledgePoint),,追趕問題（非速度情境下）,國小(Elementary school),數學(Math),,關係與代數,x,數量關係,,,,,,,,,,,,,,,,,
知識點(KnowledgePoint),,認識及報讀圓形圖,國小(Elementary school),數學(Math),,資料與不確定性,x,報讀統計圖表,,,,,,,,,,,,,,,,,
知識點(KnowledgePoint),,認識及報讀百分數圓形圖,國小(Elementary school),數學(Math),,資料與不確定性,x,報讀統計圖表,,,,,,,,,,,,,,,,,
知識點(KnowledgePoint),,繪製縮圖和放大圖,國小(Elementary school),數學(Math),,形,x,縮圖和比例尺,,,,,,,,,,,,,,,,,
知識點(KnowledgePoint),,透過圖表判斷事情發生的可能性,國小(Elementary school),數學(Math),,資料與不確定性,x,可能性,,,,,,,,,,,,,,,,,
知識點(KnowledgePoint),,由兩量和（母子和）求基準量,國小(Elementary school),數學(Math),,數,x,基準量和比較量,,,,,,,,,,,,,,,,,
知識點(KnowledgePoint),,平均速率,國小(Elementary school),數學(Math),,量,x,速率,,,,,,,,,,,,,,,,,
知識點(KnowledgePoint),,雞兔問題,國小(Elementary school),數學(Math),,關係與代數,x,數量關係,,,,,,,,,,,,,,,,,
知識點(KnowledgePoint),,平均的應用問題,國小(Elementary school),數學(Math),,關係與代數,x,數量關係,,,,,,,,,,,,,,,,,
知識點(KnowledgePoint),,繪製圓形圖,國小(Elementary school),數學(Math),,資料與不確定性,x,繪製統計圖,,,,,,,,,,,,,,,,,
知識點(KnowledgePoint),,繪製百分數圓形圖,國小(Elementary school),數學(Math),,資料與不確定性,x,繪製統計圖,,,,,,,,,,,,,,,,,
知識點(KnowledgePoint),,判斷統計圖的使用時機,國小(Elementary school),數學(Math),,資料與不確定性,x,繪製統計圖,,,,,,,,,,,,,,,,,
,,,,,,,,,,,,,,,,,,,,,,,,,
,,,,,,,,,,,,,,,,,,,,,,,,,
,,,,,,,,,,,,,,,,,,,,,,,,,
,,,,,,,,,,,,,,,,,,,,,,,,,
,,,,,,,,,,,,,,,,,,,,,,,,,
,,,,,,,,,,,,,,,,,,,,,,,,,
,,,,,,,,,,,,,,,,,,,,,,,,,
,,,,,,,,,,,,,,,,,,,,,,,,,
,,,,,,,,,,,,,,,,,,,,,,,,,
,,,,,,,,,,,,,,,,,,,,,,,,,
,,,,,,,,,,,,,,,,,,,,,,,,,
,,,,,,,,,,,,,,,,,,,,,,,,,
,,,,,,,,,,,,,,,,,,,,,,,,,
,,,,,,,,,,,,,,,,,,,,,,,,,
,,,,,,,,,,,,,,,,,,,,,,,,,
,,,,,,,,,,,,,,,,,,,,,,,,,
,,,,,,,,,,,,,,,,,,,,,,,,,
,,,,,,,,,,,,,,,,,,,,,,,,,
,,,,,,,,,,,,,,,,,,,,,,,,,
,,,,,,,,,,,,,,,,,,,,,,,,,
,,,,,,,,,,,,,,,,,,,,,,,,,
,,,,,,,,,,,,,,,,,,,,,,,,,
,,,,,,,,,,,,,,,,,,,,,,,,,
,,,,,,,,,,,,,,,,,,,,,,,,,
,,,,,,,,,,,,,,,,,,,,,,,,,
,,,,,,,,,,,,,,,,,,,,,,,,,
,,,,,,,,,,,,,,,,,,,,,,,,,
,,,,,,,,,,,,,,,,,,,,,,,,,
,,,,,,,,,,,,,,,,,,,,,,,,,
,,,,,,,,,,,,,,,,,,,,,,,,,
,,,,,,,,,,,,,,,,,,,,,,,,,
,,,,,,,,,,,,,,,,,,,,,,,,,
,,,,,,,,,,,,,,,,,,,,,,,,,
,,,,,,,,,,,,,,,,,,,,,,,,,
,,,,,,,,,,,,,,,,,,,,,,,,,
,,,,,,,,,,,,,,,,,,,,,,,,,
,,,,,,,,,,,,,,,,,,,,,,,,,
,,,,,,,,,,,,,,,,,,,,,,,,,
,,,,,,,,,,,,,,,,,,,,,,,,,
,,,,,,,,,,,,,,,,,,,,,,,,,
,,,,,,,,,,,,,,,,,,,,,,,,,
,,,,,,,,,,,,,,,,,,,,,,,,,
,,,,,,,,,,,,,,,,,,,,,,,,,
,,,,,,,,,,,,,,,,,,,,,,,,,
,,,,,,,,,,,,,,,,,,,,,,,,,
,,,,,,,,,,,,,,,,,,,,,,,,,
,,,,,,,,,,,,,,,,,,,,,,,,,
,,,,,,,,,,,,,,,,,,,,,,,,,
,,,,,,,,,,,,,,,,,,,,,,,,,
,,,,,,,,,,,,,,,,,,,,,,,,,
,,,,,,,,,,,,,,,,,,,,,,,,,
,,,,,,,,,,,,,,,,,,,,,,,,,
,,,,,,,,,,,,,,,,,,,,,,,,,
,,,,,,,,,,,,,,,,,,,,,,,,,
,,,,,,,,,,,,,,,,,,,,,,,,,
,,,,,,,,,,,,,,,,,,,,,,,,,
,,,,,,,,,,,,,,,,,,,,,,,,,
,,,,,,,,,,,,,,,,,,,,,,,,,
,,,,,,,,,,,,,,,,,,,,,,,,,
,,,,,,,,,,,,,,,,,,,,,,,,,
,,,,,,,,,,,,,,,,,,,,,,,,,
,,,,,,,,,,,,,,,,,,,,,,,,,
,,,,,,,,,,,,,,,,,,,,,,,,,
,,,,,,,,,,,,,,,,,,,,,,,,,
,,,,,,,,,,,,,,,,,,,,,,,,,
,,,,,,,,,,,,,,,,,,,,,,,,,
,,,,,,,,,,,,,,,,,,,,,,,,,
,,,,,,,,,,,,,,,,,,,,,,,,,
,,,,,,,,,,,,,,,,,,,,,,,,,
,,,,,,,,,,,,,,,,,,,,,,,,,
,,,,,,,,,,,,,,,,,,,,,,,,,
,,,,,,,,,,,,,,,,,,,,,,,,,
,,,,,,,,,,,,,,,,,,,,,,,,,
,,,,,,,,,,,,,,,,,,,,,,,,,
,,,,,,,,,,,,,,,,,,,,,,,,,
,,,,,,,,,,,,,,,,,,,,,,,,,
,,,,,,,,,,,,,,,,,,,,,,,,,
,,,,,,,,,,,,,,,,,,,,,,,,,
,,,,,,,,,,,,,,,,,,,,,,,,,
,,,,,,,,,,,,,,,,,,,,,,,,,
,,,,,,,,,,,,,,,,,,,,,,,,,
,,,,,,,,,,,,,,,,,,,,,,,,,
,,,,,,,,,,,,,,,,,,,,,,,,,
,,,,,,,,,,,,,,,,,,,,,,,,,
,,,,,,,,,,,,,,,,,,,,,,,,,
,,,,,,,,,,,,,,,,,,,,,,,,,
,,,,,,,,,,,,,,,,,,,,,,,,,
,,,,,,,,,,,,,,,,,,,,,,,,,
,,,,,,,,,,,,,,,,,,,,,,,,,
,,,,,,,,,,,,,,,,,,,,,,,,,
,,,,,,,,,,,,,,,,,,,,,,,,,
,,,,,,,,,,,,,,,,,,,,,,,,,
,,,,,,,,,,,,,,,,,,,,,,,,,
,,,,,,,,,,,,,,,,,,,,,,,,,
,,,,,,,,,,,,,,,,,,,,,,,,,
,,,,,,,,,,,,,,,,,,,,,,,,,
,,,,,,,,,,,,,,,,,,,,,,,,,
,,,,,,,,,,,,,,,,,,,,,,,,,
,,,,,,,,,,,,,,,,,,,,,,,,,
,,,,,,,,,,,,,,,,,,,,,,,,,
,,,,,,,,,,,,,,,,,,,,,,,,,
,,,,,,,,,,,,,,,,,,,,,,,,,
,,,,,,,,,,,,,,,,,,,,,,,,,
,,,,,,,,,,,,,,,,,,,,,,,,,
,,,,,,,,,,,,,,,,,,,,,,,,,
,,,,,,,,,,,,,,,,,,,,,,,,,
,,,,,,,,,,,,,,,,,,,,,,,,,
,,,,,,,,,,,,,,,,,,,,,,,,,
,,,,,,,,,,,,,,,,,,,,,,,,,
,,,,,,,,,,,,,,,,,,,,,,,,,
,,,,,,,,,,,,,,,,,,,,,,,,,
,,,,,,,,,,,,,,,,,,,,,,,,,
,,,,,,,,,,,,,,,,,,,,,,,,,
,,,,,,,,,,,,,,,,,,,,,,,,,
,,,,,,,,,,,,,,,,,,,,,,,,,
,,,,,,,,,,,,,,,,,,,,,,,,,
,,,,,,,,,,,,,,,,,,,,,,,,,
,,,,,,,,,,,,,,,,,,,,,,,,,
,,,,,,,,,,,,,,,,,,,,,,,,,
,,,,,,,,,,,,,,,,,,,,,,,,,
,,,,,,,,,,,,,,,,,,,,,,,,,
,,,,,,,,,,,,,,,,,,,,,,,,,
,,,,,,,,,,,,,,,,,,,,,,,,,
,,,,,,,,,,,,,,,,,,,,,,,,,
,,,,,,,,,,,,,,,,,,,,,,,,,
,,,,,,,,,,,,,,,,,,,,,,,,,
,,,,,,,,,,,,,,,,,,,,,,,,,
,,,,,,,,,,,,,,,,,,,,,,,,,
,,,,,,,,,,,,,,,,,,,,,,,,,
,,,,,,,,,,,,,,,,,,,,,,,,,
,,,,,,,,,,,,,,,,,,,,,,,,,
,,,,,,,,,,,,,,,,,,,,,,,,,
,,,,,,,,,,,,,,,,,,,,,,,,,
,,,,,,,,,,,,,,,,,,,,,,,,,
,,,,,,,,,,,,,,,,,,,,,,,,,
,,,,,,,,,,,,,,,,,,,,,,,,,
,,,,,,,,,,,,,,,,,,,,,,,,,
,,,,,,,,,,,,,,,,,,,,,,,,,
,,,,,,,,,,,,,,,,,,,,,,,,,
,,,,,,,,,,,,,,,,,,,,,,,,,
,,,,,,,,,,,,,,,,,,,,,,,,,
,,,,,,,,,,,,,,,,,,,,,,,,,
,,,,,,,,,,,,,,,,,,,,,,,,,
,,,,,,,,,,,,,,,,,,,,,,,,,
,,,,,,,,,,,,,,,,,,,,,,,,,
,,,,,,,,,,,,,,,,,,,,,,,,,
,,,,,,,,,,,,,,,,,,,,,,,,,
,,,,,,,,,,,,,,,,,,,,,,,,,
,,,,,,,,,,,,,,,,,,,,,,,,,
,,,,,,,,,,,,,,,,,,,,,,,,,
,,,,,,,,,,,,,,,,,,,,,,,,,
,,,,,,,,,,,,,,,,,,,,,,,,,
,,,,,,,,,,,,,,,,,,,,,,,,,
,,,,,,,,,,,,,,,,,,,,,,,,,
,,,,,,,,,,,,,,,,,,,,,,,,,
,,,,,,,,,,,,,,,,,,,,,,,,,
,,,,,,,,,,,,,,,,,,,,,,,,,
,,,,,,,,,,,,,,,,,,,,,,,,,
,,,,,,,,,,,,,,,,,,,,,,,,,
,,,,,,,,,,,,,,,,,,,,,,,,,
,,,,,,,,,,,,,,,,,,,,,,,,,
,,,,,,,,,,,,,,,,,,,,,,,,,
,,,,,,,,,,,,,,,,,,,,,,,,,
,,,,,,,,,,,,,,,,,,,,,,,,,
,,,,,,,,,,,,,,,,,,,,,,,,,
,,,,,,,,,,,,,,,,,,,,,,,,,
,,,,,,,,,,,,,,,,,,,,,,,,,
,,,,,,,,,,,,,,,,,,,,,,,,,
,,,,,,,,,,,,,,,,,,,,,,,,,
,,,,,,,,,,,,,,,,,,,,,,,,,
,,,,,,,,,,,,,,,,,,,,,,,,,
,,,,,,,,,,,,,,,,,,,,,,,,,
,,,,,,,,,,,,,,,,,,,,,,,,,
,,,,,,,,,,,,,,,,,,,,,,,,,
,,,,,,,,,,,,,,,,,,,,,,,,,
,,,,,,,,,,,,,,,,,,,,,,,,,
